
DROP TABLE IF EXISTS public.point_transactions CASCADE;
DROP TABLE IF EXISTS public.order_payments CASCADE;
DROP TABLE IF EXISTS public.order_details CASCADE;
DROP TABLE IF EXISTS public.orders CASCADE;
DROP TABLE IF EXISTS public.seats CASCADE;
DROP TABLE IF EXISTS public.schedules CASCADE;
DROP TABLE IF EXISTS public.movie_casts CASCADE;
DROP TABLE IF EXISTS public.movie_genres CASCADE;
DROP TABLE IF EXISTS public.cinemas CASCADE;
DROP TABLE IF EXISTS public.movies CASCADE;
DROP TABLE IF EXISTS public.subscribers CASCADE;
DROP TABLE IF EXISTS public.payment_methods CASCADE;
DROP TABLE IF EXISTS public.cities CASCADE;
DROP TABLE IF EXISTS public.genres CASCADE;
DROP TABLE IF EXISTS public.actors CASCADE;
DROP TABLE IF EXISTS public.directors CASCADE;
DROP TABLE IF EXISTS public.users CASCADE;


--
-- PostgreSQL database dump
--


-- Dumped from database version 17.7
-- Dumped by pg_dump version 17.7

SET statement_timeout = 0;
SET lock_timeout = 0;
SET idle_in_transaction_session_timeout = 0;
SET transaction_timeout = 0;
SET client_encoding = 'UTF8';
SET standard_conforming_strings = on;
SET check_function_bodies = false;
SET xmloption = content;
SET client_min_messages = warning;
SET row_security = off;

SET default_tablespace = '';

SET default_table_access_method = heap;

--
-- Name: actors; Type: TABLE; Schema: public; Owner: superuser
--

CREATE TABLE public.actors (
    id integer NOT NULL,
    name character varying NOT NULL,
    created_at timestamp without time zone DEFAULT now()
);



--
-- Name: actors_id_seq; Type: SEQUENCE; Schema: public; Owner: superuser
--

ALTER TABLE public.actors ALTER COLUMN id ADD GENERATED BY DEFAULT AS IDENTITY (
    SEQUENCE NAME public.actors_id_seq
    START WITH 1
    INCREMENT BY 1
    NO MINVALUE
    NO MAXVALUE
    CACHE 1
);


--
-- Name: cinemas; Type: TABLE; Schema: public; Owner: superuser
--

CREATE TABLE public.cinemas (
    id integer NOT NULL,
    name character varying NOT NULL,
    logo_url character varying,
    location character varying NOT NULL,
    city_id integer NOT NULL,
    created_at timestamp without time zone DEFAULT now()
);



--
-- Name: cinemas_id_seq; Type: SEQUENCE; Schema: public; Owner: superuser
--

ALTER TABLE public.cinemas ALTER COLUMN id ADD GENERATED BY DEFAULT AS IDENTITY (
    SEQUENCE NAME public.cinemas_id_seq
    START WITH 1
    INCREMENT BY 1
    NO MINVALUE
    NO MAXVALUE
    CACHE 1
);


--
-- Name: cities; Type: TABLE; Schema: public; Owner: superuser
--

CREATE TABLE public.cities (
    id integer NOT NULL,
    name character varying NOT NULL
);



--
-- Name: cities_id_seq; Type: SEQUENCE; Schema: public; Owner: superuser
--

ALTER TABLE public.cities ALTER COLUMN id ADD GENERATED BY DEFAULT AS IDENTITY (
    SEQUENCE NAME public.cities_id_seq
    START WITH 1
    INCREMENT BY 1
    NO MINVALUE
    NO MAXVALUE
    CACHE 1
);


--
-- Name: directors; Type: TABLE; Schema: public; Owner: superuser
--

CREATE TABLE public.directors (
    id integer NOT NULL,
    name character varying NOT NULL,
    created_at timestamp without time zone DEFAULT now()
);



--
-- Name: directors_id_seq; Type: SEQUENCE; Schema: public; Owner: superuser
--

ALTER TABLE public.directors ALTER COLUMN id ADD GENERATED BY DEFAULT AS IDENTITY (
    SEQUENCE NAME public.directors_id_seq
    START WITH 1
    INCREMENT BY 1
    NO MINVALUE
    NO MAXVALUE
    CACHE 1
);


--
-- Name: genres; Type: TABLE; Schema: public; Owner: superuser
--

CREATE TABLE public.genres (
    id integer NOT NULL,
    name character varying NOT NULL
);



--
-- Name: genres_id_seq; Type: SEQUENCE; Schema: public; Owner: superuser
--

ALTER TABLE public.genres ALTER COLUMN id ADD GENERATED BY DEFAULT AS IDENTITY (
    SEQUENCE NAME public.genres_id_seq
    START WITH 1
    INCREMENT BY 1
    NO MINVALUE
    NO MAXVALUE
    CACHE 1
);


--
-- Name: movie_casts; Type: TABLE; Schema: public; Owner: superuser
--

CREATE TABLE public.movie_casts (
    movie_id integer NOT NULL,
    actor_id integer NOT NULL
);



--
-- Name: movie_genres; Type: TABLE; Schema: public; Owner: superuser
--

CREATE TABLE public.movie_genres (
    movie_id integer NOT NULL,
    genre_id integer NOT NULL
);



--
-- Name: movies; Type: TABLE; Schema: public; Owner: superuser
--

CREATE TABLE public.movies (
    id integer NOT NULL,
    title character varying NOT NULL,
    synopsis text,
    duration integer NOT NULL,
    release_date date NOT NULL,
    director_id integer,
    poster_url character varying,
    backdrop_url character varying,
    popularity_score numeric DEFAULT 0,
    created_at timestamp without time zone DEFAULT now(),
    updated_at timestamp without time zone DEFAULT now()
);



--
-- Name: movies_id_seq; Type: SEQUENCE; Schema: public; Owner: superuser
--

ALTER TABLE public.movies ALTER COLUMN id ADD GENERATED BY DEFAULT AS IDENTITY (
    SEQUENCE NAME public.movies_id_seq
    START WITH 1
    INCREMENT BY 1
    NO MINVALUE
    NO MAXVALUE
    CACHE 1
);


--
-- Name: order_details; Type: TABLE; Schema: public; Owner: superuser
--

CREATE TABLE public.order_details (
    id integer NOT NULL,
    order_id integer NOT NULL,
    seat_id integer NOT NULL
);



--
-- Name: order_details_id_seq; Type: SEQUENCE; Schema: public; Owner: superuser
--

ALTER TABLE public.order_details ALTER COLUMN id ADD GENERATED BY DEFAULT AS IDENTITY (
    SEQUENCE NAME public.order_details_id_seq
    START WITH 1
    INCREMENT BY 1
    NO MINVALUE
    NO MAXVALUE
    CACHE 1
);


--
-- Name: order_payments; Type: TABLE; Schema: public; Owner: superuser
--

CREATE TABLE public.order_payments (
    id integer NOT NULL,
    order_id integer NOT NULL,
    payment_method_id integer,
    transaction_time timestamp without time zone DEFAULT now(),
    status character varying DEFAULT 'pending'::character varying
);



--
-- Name: order_payments_id_seq; Type: SEQUENCE; Schema: public; Owner: superuser
--

ALTER TABLE public.order_payments ALTER COLUMN id ADD GENERATED BY DEFAULT AS IDENTITY (
    SEQUENCE NAME public.order_payments_id_seq
    START WITH 1
    INCREMENT BY 1
    NO MINVALUE
    NO MAXVALUE
    CACHE 1
);


--
-- Name: orders; Type: TABLE; Schema: public; Owner: superuser
--

CREATE TABLE public.orders (
    id integer NOT NULL,
    user_id integer NOT NULL,
    schedule_id integer NOT NULL,
    total_price numeric NOT NULL,
    payment_status character varying DEFAULT 'pending'::character varying,
    booking_code character varying NOT NULL,
    created_at timestamp without time zone DEFAULT now()
);



--
-- Name: orders_id_seq; Type: SEQUENCE; Schema: public; Owner: superuser
--

ALTER TABLE public.orders ALTER COLUMN id ADD GENERATED BY DEFAULT AS IDENTITY (
    SEQUENCE NAME public.orders_id_seq
    START WITH 1
    INCREMENT BY 1
    NO MINVALUE
    NO MAXVALUE
    CACHE 1
);


--
-- Name: payment_methods; Type: TABLE; Schema: public; Owner: superuser
--

CREATE TABLE public.payment_methods (
    id integer NOT NULL,
    name character varying NOT NULL,
    logo_url character varying,
    created_at timestamp without time zone DEFAULT now()
);



--
-- Name: payment_methods_id_seq; Type: SEQUENCE; Schema: public; Owner: superuser
--

ALTER TABLE public.payment_methods ALTER COLUMN id ADD GENERATED BY DEFAULT AS IDENTITY (
    SEQUENCE NAME public.payment_methods_id_seq
    START WITH 1
    INCREMENT BY 1
    NO MINVALUE
    NO MAXVALUE
    CACHE 1
);


--
-- Name: point_transactions; Type: TABLE; Schema: public; Owner: superuser
--

CREATE TABLE public.point_transactions (
    id integer NOT NULL,
    user_id integer NOT NULL,
    points_change integer NOT NULL,
    created_at timestamp without time zone DEFAULT now()
);



--
-- Name: point_transactions_id_seq; Type: SEQUENCE; Schema: public; Owner: superuser
--

ALTER TABLE public.point_transactions ALTER COLUMN id ADD GENERATED BY DEFAULT AS IDENTITY (
    SEQUENCE NAME public.point_transactions_id_seq
    START WITH 1
    INCREMENT BY 1
    NO MINVALUE
    NO MAXVALUE
    CACHE 1
);


--
-- Name: schedules; Type: TABLE; Schema: public; Owner: superuser
--

CREATE TABLE public.schedules (
    id integer NOT NULL,
    movie_id integer NOT NULL,
    cinema_id integer NOT NULL,
    show_date date NOT NULL,
    show_time time without time zone NOT NULL,
    price numeric NOT NULL,
    created_at timestamp without time zone DEFAULT now()
);



--
-- Name: schedules_id_seq; Type: SEQUENCE; Schema: public; Owner: superuser
--

ALTER TABLE public.schedules ALTER COLUMN id ADD GENERATED BY DEFAULT AS IDENTITY (
    SEQUENCE NAME public.schedules_id_seq
    START WITH 1
    INCREMENT BY 1
    NO MINVALUE
    NO MAXVALUE
    CACHE 1
);


--
-- Name: seats; Type: TABLE; Schema: public; Owner: superuser
--

CREATE TABLE public.seats (
    id integer NOT NULL,
    cinema_id integer NOT NULL,
    row_letter character varying NOT NULL,
    seat_number integer NOT NULL,
    seat_type character varying DEFAULT 'regular'::character varying,
    created_at timestamp without time zone DEFAULT now()
);



--
-- Name: seats_id_seq; Type: SEQUENCE; Schema: public; Owner: superuser
--

ALTER TABLE public.seats ALTER COLUMN id ADD GENERATED BY DEFAULT AS IDENTITY (
    SEQUENCE NAME public.seats_id_seq
    START WITH 1
    INCREMENT BY 1
    NO MINVALUE
    NO MAXVALUE
    CACHE 1
);


--
-- Name: subscribers; Type: TABLE; Schema: public; Owner: superuser
--

CREATE TABLE public.subscribers (
    id integer NOT NULL,
    first_name character varying NOT NULL,
    email character varying NOT NULL,
    created_at timestamp without time zone DEFAULT now()
);



--
-- Name: subscribers_id_seq; Type: SEQUENCE; Schema: public; Owner: superuser
--

ALTER TABLE public.subscribers ALTER COLUMN id ADD GENERATED BY DEFAULT AS IDENTITY (
    SEQUENCE NAME public.subscribers_id_seq
    START WITH 1
    INCREMENT BY 1
    NO MINVALUE
    NO MAXVALUE
    CACHE 1
);


--
-- Name: users; Type: TABLE; Schema: public; Owner: superuser
--

CREATE TABLE public.users (
    id integer NOT NULL,
    email character varying NOT NULL,
    password character varying NOT NULL,
    first_name character varying,
    last_name character varying,
    phone_number character varying,
    profile_image character varying,
    loyalty_points integer DEFAULT 0,
    role character varying DEFAULT 'user'::character varying,
    created_at timestamp without time zone DEFAULT now(),
    updated_at timestamp without time zone DEFAULT now()
);



--
-- Name: users_id_seq; Type: SEQUENCE; Schema: public; Owner: superuser
--

ALTER TABLE public.users ALTER COLUMN id ADD GENERATED BY DEFAULT AS IDENTITY (
    SEQUENCE NAME public.users_id_seq
    START WITH 1
    INCREMENT BY 1
    NO MINVALUE
    NO MAXVALUE
    CACHE 1
);


--
-- Data for Name: actors; Type: TABLE DATA; Schema: public; Owner: superuser
--

INSERT INTO public.actors (id, name, created_at) VALUES
(1, 'Leonardo DiCaprio', '2026-02-09 15:12:15.238971'),
(2, 'Meryl Streep', '2026-02-09 15:12:15.238971'),
(3, 'Tom Hanks', '2026-02-09 15:12:15.238971'),
(4, 'Scarlett Johansson', '2026-02-09 15:12:15.238971'),
(5, 'Robert Downey Jr.', '2026-02-09 15:12:15.238971'),
(6, 'Cillian Murphy', '2026-02-09 15:12:15.238971'),
(7, 'Margot Robbie', '2026-02-09 15:12:15.238971'),
(8, 'Timothée Chalamet', '2026-02-09 15:12:15.238971'),
(9, 'Zendaya', '2026-02-09 15:12:15.238971'),
(10, 'Florence Pugh', '2026-02-09 15:12:15.238971'),
(11, 'Ryan Reynolds', '2026-02-09 15:12:15.238971'),
(12, 'Hugh Jackman', '2026-02-09 15:12:15.238971'),
(13, 'Paul Mescal', '2026-02-09 15:12:15.238971'),
(14, 'Anya Taylor-Joy', '2026-02-09 15:12:15.238971'),
(15, 'Austin Butler', '2026-02-09 15:12:15.238971');



--
-- Data for Name: cinemas; Type: TABLE DATA; Schema: public; Owner: superuser
--

INSERT INTO public.cinemas (id, name, logo_url, location, city_id, created_at) VALUES
(1, 'CGV Grand Indonesia', 'https://www.cgv.id/images/logo.png', 'Jl. MH Thamrin No.1, Jakarta Pusat', 1, '2026-02-09 15:12:15.844265'),
(2, 'Cinepolis Plaza Senayan', 'https://www.cinepolis.co.id/images/logo.png', 'Jl. Asia Afrika, Gelora, Jakarta Pusat', 1, '2026-02-09 15:12:15.844265'),
(3, 'XXI Dago', 'https://www.21cineplex.com/images/logo.png', 'Jl. Ir. H. Juanda No.181, Bandung', 2, '2026-02-09 15:12:15.844265'),
(4, 'CGV Paris Van Java', 'https://www.cgv.id/images/logo.png', 'Jl. Sukajadi No.137-139, Bandung', 2, '2026-02-09 15:12:15.844265'),
(5, 'Cinepolis Tunjungan Plaza', 'https://www.cinepolis.co.id/images/logo.png', 'Jl. Basuki Rahmat No.8-12, Surabaya', 3, '2026-02-09 15:12:15.844265'),
(6, 'XXI Hartono Mall', 'https://www.21cineplex.com/images/logo.png', 'Jl. Brigjend Katamso, Yogyakarta', 4, '2026-02-09 15:12:15.844265'),
(7, 'CGV Sun Plaza', 'https://www.cgv.id/images/logo.png', 'Jl. KH. Zainul Arifin No.7, Medan', 5, '2026-02-09 15:12:15.844265'),
(8, 'Cinepolis Ciputra Semarang', 'https://www.cinepolis.co.id/images/logo.png', 'Jl. Simpang Lima, Semarang', 6, '2026-02-09 15:12:15.844265'),
(9, 'XXI Panakkukang', 'https://www.21cineplex.com/images/logo.png', 'Jl. Boulevard, Makassar', 7, '2026-02-09 15:12:15.844265'),
(10, 'CGV Beachwalk', 'https://www.cgv.id/images/logo.png', 'Jl. Pantai Kuta, Denpasar', 8, '2026-02-09 15:12:15.844265');



--
-- Data for Name: cities; Type: TABLE DATA; Schema: public; Owner: superuser
--

INSERT INTO public.cities (id, name) VALUES
(1, 'Jakarta'),
(2, 'Bandung'),
(3, 'Surabaya'),
(4, 'Yogyakarta'),
(5, 'Medan'),
(6, 'Semarang'),
(7, 'Makassar'),
(8, 'Denpasar'),
(9, 'Palembang'),
(10, 'Malang');



--
-- Data for Name: directors; Type: TABLE DATA; Schema: public; Owner: superuser
--

INSERT INTO public.directors (id, name, created_at) VALUES
(1, 'Adam Wingard', '2026-02-09 15:12:15.154397'),
(2, 'Adrian Molina', '2026-02-09 15:12:15.154397'),
(3, 'Andrew Stanton', '2026-02-09 15:12:15.154397'),
(4, 'Anthony Russo', '2026-02-09 15:12:15.154397'),
(5, 'Bong Joon Ho', '2026-02-09 15:12:15.154397'),
(6, 'Chris Miller', '2026-02-09 15:12:15.154397'),
(7, 'Chris Renaud', '2026-02-09 15:12:15.154397'),
(8, 'Chris Sanders', '2026-02-09 15:12:15.154397'),
(9, 'Colin Cairnes', '2026-02-09 15:12:15.154397'),
(10, 'Coralie Fargeat', '2026-02-09 15:12:15.154397'),
(11, 'Craig Gillespie', '2026-02-09 15:12:15.154397'),
(12, 'Danny Boyle', '2026-02-09 15:12:15.154397'),
(13, 'David Derrick Jr.', '2026-02-09 15:12:15.154397'),
(14, 'David Leitch', '2026-02-09 15:12:15.154397'),
(15, 'Dean DeBlois', '2026-02-09 15:12:15.154397'),
(16, 'Dean Fleischer Camp', '2026-02-09 15:12:15.154397'),
(17, 'Denis Villeneuve', '2026-02-09 15:12:15.154397'),
(18, 'Destin Daniel Cretton', '2026-02-09 15:12:15.154397'),
(19, 'Dev Patel', '2026-02-09 15:12:15.154397'),
(20, 'Fede Álvarez', '2026-02-09 15:12:15.154397'),
(21, 'Gareth Edwards', '2026-02-09 15:12:15.154397'),
(22, 'George Miller', '2026-02-09 15:12:15.154397'),
(23, 'Jake Schreier', '2026-02-09 15:12:15.154397'),
(24, 'James Cameron', '2026-02-09 15:12:15.154397'),
(25, 'James Gunn', '2026-02-09 15:12:15.154397'),
(26, 'James Mangold', '2026-02-09 15:12:15.154397'),
(27, 'Jared Bush', '2026-02-09 15:12:15.154397'),
(28, 'Jared Hess', '2026-02-09 15:12:15.154397'),
(29, 'Jennifer Lee', '2026-02-09 15:12:15.154397'),
(30, 'Joe Carnahan', '2026-02-09 15:12:15.154397'),
(31, 'Jon Favreau', '2026-02-09 15:12:15.154397'),
(32, 'Jon M. Chu', '2026-02-09 15:12:15.154397'),
(33, 'Kelsey Mann', '2026-02-09 15:12:15.154397'),
(34, 'Luca Guadagnino', '2026-02-09 15:12:15.154397'),
(35, 'Marc Webb', '2026-02-09 15:12:15.154397'),
(36, 'Matt Reeves', '2026-02-09 15:12:15.154397'),
(37, 'Matt Shakman', '2026-02-09 15:12:15.154397'),
(38, 'Mike Mitchell', '2026-02-09 15:12:15.154397'),
(39, 'Oz Perkins', '2026-02-09 15:12:15.154397'),
(40, 'Pierre Perifel', '2026-02-09 15:12:15.154397'),
(41, 'Rian Johnson', '2026-02-09 15:12:15.154397'),
(42, 'Ridley Scott', '2026-02-09 15:12:15.154397'),
(43, 'Rose Glass', '2026-02-09 15:12:15.154397'),
(44, 'Ryan Coogler', '2026-02-09 15:12:15.154397'),
(45, 'Sean Durkin', '2026-02-09 15:12:15.154397'),
(46, 'Sharmeen Obaid-Chinoy', '2026-02-09 15:12:15.154397'),
(47, 'Shawn Levy', '2026-02-09 15:12:15.154397'),
(48, 'Simon McQuoid', '2026-02-09 15:12:15.154397'),
(49, 'Tim Burton', '2026-02-09 15:12:15.154397');



--
-- Data for Name: genres; Type: TABLE DATA; Schema: public; Owner: superuser
--

INSERT INTO public.genres (id, name) VALUES
(1, 'Action'),
(2, 'Drama'),
(3, 'Comedy'),
(4, 'Sci-Fi'),
(5, 'Thriller'),
(6, 'Horror'),
(7, 'Romance'),
(8, 'Adventure'),
(9, 'Fantasy'),
(10, 'Crime');



--
-- Data for Name: movie_casts; Type: TABLE DATA; Schema: public; Owner: superuser
--

INSERT INTO public.movie_casts (movie_id, actor_id) VALUES
(1, 1),
(2, 2),
(3, 3),
(4, 4),
(5, 5),
(6, 6),
(7, 7),
(8, 8),
(9, 9),
(10, 10),
(11, 11),
(12, 12),
(13, 13),
(14, 14),
(15, 15),
(16, 1),
(17, 2),
(18, 3),
(19, 4),
(20, 5),
(21, 6),
(22, 7),
(23, 8),
(24, 9),
(25, 10),
(26, 11),
(27, 12),
(28, 13),
(29, 14),
(30, 15),
(31, 1),
(32, 2),
(33, 3),
(34, 4),
(35, 5),
(36, 6),
(37, 7),
(38, 8),
(39, 9),
(40, 10),
(41, 11),
(42, 12),
(43, 13),
(44, 14),
(45, 15),
(46, 1),
(47, 2),
(48, 3),
(49, 4),
(50, 5);



--
-- Data for Name: movie_genres; Type: TABLE DATA; Schema: public; Owner: superuser
--

INSERT INTO public.movie_genres (movie_id, genre_id) VALUES
(1, 3),
(1, 8),
(1, 9),
(2, 1),
(2, 3),
(2, 4),
(3, 9),
(3, 7),
(3, 2),
(4, 8),
(4, 3),
(4, 9),
(5, 3),
(5, 8),
(6, 4),
(6, 8),
(6, 2),
(7, 1),
(7, 2),
(7, 8),
(8, 1),
(8, 4),
(8, 8),
(9, 3),
(9, 8),
(9, 1),
(10, 3),
(10, 9),
(10, 6),
(11, 2),
(11, 8),
(12, 1),
(12, 8),
(13, 1),
(13, 3),
(14, 2),
(14, 7),
(15, 4),
(15, 6),
(15, 1),
(16, 1),
(16, 5),
(17, 5),
(17, 7),
(18, 6),
(18, 5),
(19, 8),
(19, 4),
(20, 5),
(20, 6),
(21, 6),
(21, 5),
(21, 4),
(22, 2),
(22, 1),
(23, 9),
(23, 7),
(24, 4),
(24, 3),
(25, 1),
(25, 9),
(26, 4),
(26, 8),
(27, 5),
(27, 10),
(28, 4),
(28, 8),
(29, 10),
(29, 5),
(30, 6),
(30, 2),
(31, 1),
(31, 4),
(32, 1),
(32, 8),
(33, 1),
(33, 8),
(34, 3),
(34, 8),
(35, 3),
(35, 8),
(36, 4),
(36, 8),
(37, 3),
(37, 8),
(38, 9),
(38, 7),
(39, 8),
(39, 9),
(40, 8),
(40, 9),
(41, 3),
(41, 8),
(42, 1),
(42, 8),
(43, 1),
(43, 4),
(44, 1),
(44, 10),
(44, 2),
(45, 1),
(45, 4),
(46, 4),
(46, 8),
(47, 3),
(47, 8),
(48, 1),
(48, 8),
(49, 1),
(49, 8),
(50, 9),
(50, 8);



--
-- Data for Name: movies; Type: TABLE DATA; Schema: public; Owner: superuser
--

INSERT INTO public.movies (id, title, synopsis, duration, release_date, director_id, poster_url, backdrop_url, popularity_score, created_at, updated_at) VALUES
(1, 'Inside Out 2', 'This animated film further explores the mind of Riley, with the introduction of new emotions such as Anxiety.', 96, '2024-06-14', 33, '', '', 9.2, '2026-02-09 15:12:15.420235', '2026-02-09 15:12:15.420235'),
(2, 'Deadpool & Wolverine', 'Ryan Reynolds and Hugh Jackman star in this highly anticipated Marvel film.', 127, '2024-07-26', 47, '', '', 9.5, '2026-02-09 15:12:15.420235', '2026-02-09 15:12:15.420235'),
(3, 'Wicked: Part One', 'The first part of the musical adaptation tells the story of Elphaba and Galinda''s friendship at Shiz University.', 160, '2024-11-22', 32, '', '', 8.8, '2026-02-09 15:12:15.420235', '2026-02-09 15:12:15.420235'),
(4, 'Moana 2', 'Moana and Maui reunite for an expansive new voyage alongside a crew of unlikely seafarers.', 100, '2024-11-27', 13, '', '', 8.5, '2026-02-09 15:12:15.420235', '2026-02-09 15:12:15.420235'),
(5, 'Despicable Me 4', 'Gru and Lucy and their girls Welcome a new member to the Gru family, Gru Jr., who is intent on tormenting his dad.', 94, '2024-07-03', 7, '', '', 8, '2026-02-09 15:12:15.420235', '2026-02-09 15:12:15.420235'),
(7, 'Gladiator II', 'Set years after the original, Paul Mescal stars as Lucius Verus Aurelius, who becomes a gladiator.', 148, '2024-11-22', 42, '', '', 8.2, '2026-02-09 15:12:15.420235', '2026-02-09 15:12:15.420235'),
(8, 'Godzilla x Kong: The New Empire', 'Two ancient titans, Godzilla and Kong, clash in an epic battle as humans unravel their intertwined origins.', 115, '2024-03-29', 1, '', '', 7.9, '2026-02-09 15:12:15.420235', '2026-02-09 15:12:15.420235'),
(9, 'Kung Fu Panda 4', 'Po is tapped to become the Spiritual Leader of the Valley of Peace, but he needs to find and train a new Dragon Warrior.', 94, '2024-03-08', 38, '', '', 7.5, '2026-02-09 15:12:15.420235', '2026-02-09 15:12:15.420235'),
(10, 'Beetlejuice Beetlejuice', 'After a family tragedy, three generations of the Deetz family return home to Winter River.', 104, '2024-09-06', 49, '', '', 8.1, '2026-02-09 15:12:15.420235', '2026-02-09 15:12:15.420235'),
(11, 'A Complete Unknown', 'A biographical film about the early career of American singer-songwriter Bob Dylan.', 141, '2024-12-25', 26, '', '', 8.4, '2026-02-09 15:12:15.420235', '2026-02-09 15:12:15.420235'),
(12, 'Furiosa: A Mad Max Saga', 'The origin story of renegade warrior Furiosa before her encounter and team-up with Mad Max.', 148, '2024-05-24', 22, '', '', 8.6, '2026-02-09 15:12:15.420235', '2026-02-09 15:12:15.420235'),
(13, 'The Fall Guy', 'A stuntman, fresh off an almost career-ending accident, has to track down a missing movie star.', 126, '2024-05-03', 14, '', '', 7.7, '2026-02-09 15:12:15.420235', '2026-02-09 15:12:15.420235'),
(14, 'Challengers', 'Tashi, a former tennis prodigy turned coach, transformed her husband into a world-famous champion.', 131, '2024-04-26', 34, '', '', 8.3, '2026-02-09 15:12:15.420235', '2026-02-09 15:12:15.420235'),
(15, 'Alien: Romulus', 'While scavenging the deep ends of a derelict space station, a group of young space colonizers come face to face with the most terrifying life form in the universe.', 119, '2024-08-16', 20, '', '', 8.5, '2026-02-09 15:12:15.420235', '2026-02-09 15:12:15.420235'),
(16, 'Monkey Man', 'A young man embarks on a campaign of vengeance against the corrupt leaders who murdered his mother and continue to systematically victimize the poor.', 121, '2024-04-05', 19, '', '', 7.8, '2026-02-09 15:12:15.420235', '2026-02-09 15:12:15.420235'),
(17, 'Love Lies Bleeding', 'Reclusive gym manager Lou falls hard for Jackie, an ambitious bodybuilder headed through Las Vegas in pursuit of her dream.', 104, '2024-03-08', 43, '', '', 7.4, '2026-02-09 15:12:15.420235', '2026-02-09 15:12:15.420235'),
(18, 'Late Night with the Devil', 'A live television broadcast in 1977 goes horribly wrong, unleashing evil into the nation''s living rooms.', 93, '2024-03-22', 9, '', '', 8.1, '2026-02-09 15:12:15.420235', '2026-02-09 15:12:15.420235'),
(19, 'The Wild Robot', 'After a shipwreck, an intelligent robot called Roz is stranded on an uninhabited island.', 102, '2024-09-27', 8, '', '', 9.1, '2026-02-09 15:12:15.420235', '2026-02-09 15:12:15.420235'),
(20, 'Longlegs', 'In pursuit of a serial killer, an FBI agent uncovers a series of occult clues that she must solve.', 101, '2024-07-12', 39, '', '', 7.9, '2026-02-09 15:12:15.420235', '2026-02-09 15:12:15.420235'),
(21, 'The Substance', 'A fading celebrity decides to use a black-market drug, a cell-replicating substance that temporarily creates a younger, better version of herself.', 140, '2024-10-18', 10, '', '', 8.7, '2026-02-09 15:12:15.420235', '2026-02-09 15:12:15.420235'),
(22, 'The Iron Claw', 'The true story of the inseparable Von Erich brothers, who made history in the intensely competitive world of professional wrestling in the early 1980s.', 132, '2023-12-22', 45, '', '', 8.9, '2026-02-09 15:12:15.420235', '2026-02-09 15:12:15.420235'),
(23, 'Wicked: Part Two', 'The conclusion to the musical adaptation, continuing the story of Elphaba and Glinda.', 137, '2025-11-26', 32, '', '', 8.5, '2026-02-09 15:12:15.420235', '2026-02-09 15:12:15.420235'),
(24, 'Mickey 17', 'A science fiction black comedy where Robert Pattinson plays an ''Expendable''.', 137, '2025-01-31', 5, '', '', 9, '2026-02-09 15:12:15.420235', '2026-02-09 15:12:15.420235'),
(25, 'Mortal Kombat 2', 'A sequel to the 2021 martial arts fantasy film, based on the popular video game series.', 116, '2025-10-24', 48, '', '', 7.2, '2026-02-09 15:12:15.420235', '2026-02-09 15:12:15.420235'),
(26, 'Avatar: Fire and Ash', 'The third film in the highly successful Avatar franchise, taking audiences back to Pandora.', 198, '2025-12-19', 24, '', '', 9.3, '2026-02-09 15:12:15.420235', '2026-02-09 15:12:15.420235'),
(27, 'Wake Up Dead Man', 'Daniel Craig returns as detective Benoit Blanc in what is described as his most dangerous case yet.', 144, '2025-11-26', 41, '', '', 8.6, '2026-02-09 15:12:15.420235', '2026-02-09 15:12:15.420235'),
(28, 'Jurassic World Rebirth', 'An operation intersecting with a civilian family encountering aquatic dinosaurs.', 119, '2025-07-02', 21, '', '', 7.5, '2026-02-09 15:12:15.420235', '2026-02-09 15:12:15.420235'),
(29, 'The Rip', 'A crime thriller where two Miami cops and their team discover millions in cash in a derelict stash house.', 133, '2026-01-16', 30, '', '', 7, '2026-02-09 15:12:15.420235', '2026-02-09 15:12:15.420235'),
(30, '28 Years Later', 'A post-apocalyptic horror-drama and the fourth installment in the ''28 Days Later'' series.', 109, '2025-06-20', 12, '', '', 8.8, '2026-02-09 15:12:15.420235', '2026-02-09 15:12:15.420235'),
(31, 'Fantastic Four: First Steps', 'Marvel''s First Family takes their first steps in the MCU.', 130, '2025-07-25', 37, '', '', 8.4, '2026-02-09 15:12:15.420235', '2026-02-09 15:12:15.420235'),
(32, 'Thunderbolts*', 'A group of villains are sent on a mission for the government.', 135, '2025-05-02', 23, '', '', 7.1, '2026-02-09 15:12:15.420235', '2026-02-09 15:12:15.420235'),
(33, 'Superman', 'Superman embarks on a journey to reconcile his Kryptonian heritage with his human upbringing.', 150, '2025-07-11', 25, '', '', 9.4, '2026-02-09 15:12:15.420235', '2026-02-09 15:12:15.420235'),
(34, 'Minecraft', 'The film adaptation of the popular sandbox video game.', 110, '2025-04-04', 28, '', '', 6.5, '2026-02-09 15:12:15.420235', '2026-02-09 15:12:15.420235'),
(35, 'The Bad Guys 2', 'The further adventures of a group of reformed yet misunderstood animal outlaws.', 95, '2025-08-01', 40, '', '', 7.8, '2026-02-09 15:12:15.420235', '2026-02-09 15:12:15.420235'),
(36, 'Elio', 'A boy finds himself transported across the galaxy and mistaken for the intergalactic Ambassador for our planet Earth.', 105, '2025-06-13', 2, '', '', 8, '2026-02-09 15:12:15.420235', '2026-02-09 15:12:15.420235'),
(37, 'Zootopia 2', 'Judy Hopps and Nick Wilde return in this sequel to the hit animated film.', 108, '2025-11-26', 27, '', '', 8.7, '2026-02-09 15:12:15.420235', '2026-02-09 15:12:15.420235'),
(38, 'Snow White', 'A live-action musical reimagining of the classic fairy tale.', 120, '2025-03-21', 35, '', '', 6, '2026-02-09 15:12:15.420235', '2026-02-09 15:12:15.420235'),
(39, 'How to Train Your Dragon', 'A live-action adaptation of the beloved animated franchise.', 125, '2025-06-13', 15, '', '', 8.9, '2026-02-09 15:12:15.420235', '2026-02-09 15:12:15.420235'),
(40, 'Lilo & Stitch', 'A live-action reimagining of the animated classic.', 115, '2025-05-23', 16, '', '', 8.2, '2026-02-09 15:12:15.420235', '2026-02-09 15:12:15.420235'),
(41, 'The Smurfs Movie', 'An animated adventure featuring the blue creatures.', 100, '2025-02-14', 6, '', '', 7, '2026-02-09 15:12:15.420235', '2026-02-09 15:12:15.420235'),
(42, 'Black Panther III', 'T''Challa''s legacy continues in the Kingdom of Wakanda.', 155, '2026-05-01', 44, '', '', 9, '2026-02-09 15:12:15.420235', '2026-02-09 15:12:15.420235'),
(43, 'Avengers: Doomsday', 'The Avengers face off against Doctor Doom.', 160, '2026-05-01', 4, '/movie/1770733279192831300_poster_Domsday.jpg', '/movie/1770733279241653900_backdrop_Domsday_back.jpg', 9.8, '2026-02-09 15:12:15.420235', '2026-02-10 14:21:19.580308'),
(46, 'Supergirl: Woman of Tomorrow', 'A sci-fi adventure exploring Supergirl''s journey through space.', 140, '2026-06-26', 11, '', '', 8.6, '2026-02-09 15:12:15.420235', '2026-02-09 15:12:15.420235'),
(47, 'Toy Story 5', 'Woody and Buzz return for a new adventure.', 105, '2026-06-19', 3, '', '', 8.5, '2026-02-09 15:12:15.420235', '2026-02-09 15:12:15.420235'),
(48, 'The Mandalorian & Grogu', 'Mando and his tiny apprentice take to the big screen.', 120, '2026-05-22', 31, '', '', 9.2, '2026-02-09 15:12:15.420235', '2026-02-09 15:12:15.420235'),
(49, 'Star Wars: New Jedi Order', 'Rey builds a new Jedi academy and faces new threats.', 150, '2026-12-18', 46, '', '', 8.7, '2026-02-09 15:12:15.420235', '2026-02-09 15:12:15.420235'),
(50, 'Frozen III', 'Elsa and Anna embark on a new magical journey.', 108, '2026-11-25', 29, '', '', 9, '2026-02-09 15:12:15.420235', '2026-02-09 15:12:15.420235'),
(44, 'The Batman Part II', 'The Dark Knight''s detective work continues in Gotham City.', 165, '2026-10-02', 36, '/movie/1770732725531343200_poster_1769496432028128900_poster_batman-poster.jpg', '/movie/1770732725662971900_backdrop_1769496432041712100_backdrop_batman_backdrop.jpg', 9.6, '2026-02-09 15:12:15.420235', '2026-02-10 14:12:08.559223'),
(6, 'Dune: Part Two', 'Paul Atreides unites with Chani and the Fremen while seeking revenge against the conspirators who destroyed his family.', 166, '2024-03-01', 17, '/movie/1770732917775798500_poster_1769496748175823600_poster_dunePoster.jpg', '/movie/1770732917908990000_backdrop_1769496748178915100_backdrop_duneBackDrop.jpg', 9.7, '2026-02-09 15:12:15.420235', '2026-02-10 14:15:16.83902'),
(45, 'Spider-Man 4', 'Peter Parker''s new chapter in the MCU.', 145, '2026-07-24', 18, '/movie/1770732991055310600_poster_1769496959428491900_poster_spidermanPoster.jpg', '/movie/1770732991134411000_backdrop_1769496959438989900_backdrop_spiderBackdrop.jpg', 9.5, '2026-02-09 15:12:15.420235', '2026-02-10 14:16:30.618375');



--
-- Data for Name: order_details; Type: TABLE DATA; Schema: public; Owner: superuser
--

INSERT INTO public.order_details (id, order_id, seat_id) VALUES
(1, 1, 1),
(2, 1, 2);



--
-- Data for Name: order_payments; Type: TABLE DATA; Schema: public; Owner: superuser
--

-- Table for INSERT INTO public.order_payments (id, order_id, payment_method_id, transaction_time, status) was empty



--
-- Data for Name: orders; Type: TABLE DATA; Schema: public; Owner: superuser
--

INSERT INTO public.orders (id, user_id, schedule_id, total_price, payment_status, booking_code, created_at) VALUES
(1, 6, 1, 100000, 'paid', '9445088d64f816a306d30270bb66a9b6', '2026-02-09 15:34:25.212566');



--
-- Data for Name: payment_methods; Type: TABLE DATA; Schema: public; Owner: superuser
--

INSERT INTO public.payment_methods (id, name, logo_url, created_at) VALUES
(1, 'Gopay', 'https://cdn.gopay.com/logo.png', '2026-02-09 15:12:16.223194'),
(2, 'OVO', 'https://cdn.ovo.id/logo.png', '2026-02-09 15:12:16.223194'),
(3, 'Dana', 'https://cdn.dana.id/logo.png', '2026-02-09 15:12:16.223194'),
(4, 'ShopeePay', 'https://cdn.shopeepay.com/logo.png', '2026-02-09 15:12:16.223194'),
(5, 'BCA Virtual Account', 'https://www.bca.co.id/logo.png', '2026-02-09 15:12:16.223194'),
(6, 'Mandiri Virtual Account', 'https://www.bankmandiri.co.id/logo.png', '2026-02-09 15:12:16.223194'),
(7, 'BNI Virtual Account', 'https://www.bni.co.id/logo.png', '2026-02-09 15:12:16.223194'),
(8, 'BRI Virtual Account', 'https://www.bri.co.id/logo.png', '2026-02-09 15:12:16.223194'),
(9, 'Credit Card', 'https://cdn.creditcard.com/logo.png', '2026-02-09 15:12:16.223194'),
(10, 'Debit Card', 'https://cdn.debitcard.com/logo.png', '2026-02-09 15:12:16.223194');



--
-- Data for Name: point_transactions; Type: TABLE DATA; Schema: public; Owner: superuser
--

-- Table for INSERT INTO public.point_transactions (id, user_id, points_change, created_at) was empty



--
-- Data for Name: schedules; Type: TABLE DATA; Schema: public; Owner: superuser
--

INSERT INTO public.schedules (id, movie_id, cinema_id, show_date, show_time, price, created_at) VALUES
(1, 1, 1, '2026-03-01', '19:00:00', 50000, '2026-02-09 15:12:16.142272'),
(2, 2, 2, '2026-03-02', '19:00:00', 50000, '2026-02-09 15:12:16.142272'),
(3, 3, 3, '2026-03-03', '19:00:00', 50000, '2026-02-09 15:12:16.142272'),
(4, 4, 4, '2026-03-04', '19:00:00', 50000, '2026-02-09 15:12:16.142272'),
(5, 5, 5, '2026-03-05', '19:00:00', 50000, '2026-02-09 15:12:16.142272'),
(6, 6, 6, '2026-03-06', '19:00:00', 50000, '2026-02-09 15:12:16.142272'),
(7, 7, 7, '2026-03-07', '19:00:00', 50000, '2026-02-09 15:12:16.142272'),
(8, 8, 8, '2026-03-08', '19:00:00', 50000, '2026-02-09 15:12:16.142272'),
(9, 9, 9, '2026-03-09', '19:00:00', 50000, '2026-02-09 15:12:16.142272'),
(10, 10, 10, '2026-03-10', '19:00:00', 50000, '2026-02-09 15:12:16.142272'),
(11, 11, 1, '2026-03-11', '19:00:00', 50000, '2026-02-09 15:12:16.142272'),
(12, 12, 2, '2026-03-12', '19:00:00', 50000, '2026-02-09 15:12:16.142272'),
(13, 13, 3, '2026-03-13', '19:00:00', 50000, '2026-02-09 15:12:16.142272'),
(14, 14, 4, '2026-03-14', '19:00:00', 50000, '2026-02-09 15:12:16.142272'),
(15, 15, 5, '2026-03-15', '19:00:00', 50000, '2026-02-09 15:12:16.142272'),
(16, 16, 6, '2026-03-16', '19:00:00', 50000, '2026-02-09 15:12:16.142272'),
(17, 17, 7, '2026-03-17', '19:00:00', 50000, '2026-02-09 15:12:16.142272'),
(18, 18, 8, '2026-03-18', '19:00:00', 50000, '2026-02-09 15:12:16.142272'),
(19, 19, 9, '2026-03-19', '19:00:00', 50000, '2026-02-09 15:12:16.142272'),
(20, 20, 10, '2026-03-20', '19:00:00', 50000, '2026-02-09 15:12:16.142272'),
(21, 21, 1, '2026-03-21', '19:00:00', 50000, '2026-02-09 15:12:16.142272'),
(22, 22, 2, '2026-03-22', '19:00:00', 50000, '2026-02-09 15:12:16.142272'),
(23, 23, 3, '2026-03-23', '19:00:00', 50000, '2026-02-09 15:12:16.142272'),
(24, 24, 4, '2026-03-24', '19:00:00', 50000, '2026-02-09 15:12:16.142272'),
(25, 25, 5, '2026-03-25', '19:00:00', 50000, '2026-02-09 15:12:16.142272'),
(26, 26, 6, '2026-03-26', '19:00:00', 50000, '2026-02-09 15:12:16.142272'),
(27, 27, 7, '2026-03-27', '19:00:00', 50000, '2026-02-09 15:12:16.142272'),
(28, 28, 8, '2026-03-28', '19:00:00', 50000, '2026-02-09 15:12:16.142272'),
(29, 29, 9, '2026-03-01', '19:00:00', 50000, '2026-02-09 15:12:16.142272'),
(30, 30, 10, '2026-03-02', '19:00:00', 50000, '2026-02-09 15:12:16.142272'),
(31, 31, 1, '2026-03-03', '19:00:00', 50000, '2026-02-09 15:12:16.142272'),
(32, 32, 2, '2026-03-04', '19:00:00', 50000, '2026-02-09 15:12:16.142272'),
(33, 33, 3, '2026-03-05', '19:00:00', 50000, '2026-02-09 15:12:16.142272'),
(34, 34, 4, '2026-03-06', '19:00:00', 50000, '2026-02-09 15:12:16.142272'),
(35, 35, 5, '2026-03-07', '19:00:00', 50000, '2026-02-09 15:12:16.142272'),
(36, 36, 6, '2026-03-08', '19:00:00', 50000, '2026-02-09 15:12:16.142272'),
(37, 37, 7, '2026-03-09', '19:00:00', 50000, '2026-02-09 15:12:16.142272'),
(38, 38, 8, '2026-03-10', '19:00:00', 50000, '2026-02-09 15:12:16.142272'),
(39, 39, 9, '2026-03-11', '19:00:00', 50000, '2026-02-09 15:12:16.142272'),
(40, 40, 10, '2026-03-12', '19:00:00', 50000, '2026-02-09 15:12:16.142272'),
(41, 41, 1, '2026-03-13', '19:00:00', 50000, '2026-02-09 15:12:16.142272'),
(42, 42, 2, '2026-03-14', '19:00:00', 50000, '2026-02-09 15:12:16.142272'),
(43, 43, 3, '2026-03-15', '19:00:00', 50000, '2026-02-09 15:12:16.142272'),
(44, 44, 4, '2026-03-16', '19:00:00', 50000, '2026-02-09 15:12:16.142272'),
(45, 45, 5, '2026-03-17', '19:00:00', 50000, '2026-02-09 15:12:16.142272'),
(46, 46, 6, '2026-03-18', '19:00:00', 50000, '2026-02-09 15:12:16.142272'),
(47, 47, 7, '2026-03-19', '19:00:00', 50000, '2026-02-09 15:12:16.142272'),
(48, 48, 8, '2026-03-20', '19:00:00', 50000, '2026-02-09 15:12:16.142272'),
(49, 49, 9, '2026-03-21', '19:00:00', 50000, '2026-02-09 15:12:16.142272'),
(50, 50, 10, '2026-03-22', '19:00:00', 50000, '2026-02-09 15:12:16.142272');



--
-- Data for Name: seats; Type: TABLE DATA; Schema: public; Owner: superuser
--

INSERT INTO public.seats (id, cinema_id, row_letter, seat_number, seat_type, created_at) VALUES
(1, 1, 'A', 1, 'premium', '2026-02-09 15:12:15.900396'),
(2, 1, 'A', 2, 'premium', '2026-02-09 15:12:15.900396'),
(3, 1, 'A', 3, 'premium', '2026-02-09 15:12:15.900396'),
(4, 1, 'A', 4, 'premium', '2026-02-09 15:12:15.900396'),
(5, 1, 'A', 5, 'premium', '2026-02-09 15:12:15.900396'),
(6, 1, 'A', 6, 'premium', '2026-02-09 15:12:15.900396'),
(7, 1, 'A', 7, 'premium', '2026-02-09 15:12:15.900396'),
(8, 1, 'A', 8, 'premium', '2026-02-09 15:12:15.900396'),
(9, 1, 'A', 9, 'premium', '2026-02-09 15:12:15.900396'),
(10, 1, 'A', 10, 'premium', '2026-02-09 15:12:15.900396'),
(11, 1, 'A', 11, 'premium', '2026-02-09 15:12:15.900396'),
(12, 1, 'A', 12, 'premium', '2026-02-09 15:12:15.900396'),
(13, 1, 'A', 13, 'premium', '2026-02-09 15:12:15.900396'),
(14, 1, 'A', 14, 'premium', '2026-02-09 15:12:15.900396'),
(15, 1, 'B', 1, 'premium', '2026-02-09 15:12:15.900396'),
(16, 1, 'B', 2, 'premium', '2026-02-09 15:12:15.900396'),
(17, 1, 'B', 3, 'premium', '2026-02-09 15:12:15.900396'),
(18, 1, 'B', 4, 'premium', '2026-02-09 15:12:15.900396'),
(19, 1, 'B', 5, 'premium', '2026-02-09 15:12:15.900396'),
(20, 1, 'B', 6, 'premium', '2026-02-09 15:12:15.900396'),
(21, 1, 'B', 7, 'premium', '2026-02-09 15:12:15.900396'),
(22, 1, 'B', 8, 'premium', '2026-02-09 15:12:15.900396'),
(23, 1, 'B', 9, 'premium', '2026-02-09 15:12:15.900396'),
(24, 1, 'B', 10, 'premium', '2026-02-09 15:12:15.900396'),
(25, 1, 'B', 11, 'premium', '2026-02-09 15:12:15.900396'),
(26, 1, 'B', 12, 'premium', '2026-02-09 15:12:15.900396'),
(27, 1, 'B', 13, 'premium', '2026-02-09 15:12:15.900396'),
(28, 1, 'B', 14, 'premium', '2026-02-09 15:12:15.900396'),
(29, 1, 'C', 1, 'regular', '2026-02-09 15:12:15.900396'),
(30, 1, 'C', 2, 'regular', '2026-02-09 15:12:15.900396'),
(31, 1, 'C', 3, 'regular', '2026-02-09 15:12:15.900396'),
(32, 1, 'C', 4, 'regular', '2026-02-09 15:12:15.900396'),
(33, 1, 'C', 5, 'regular', '2026-02-09 15:12:15.900396'),
(34, 1, 'C', 6, 'regular', '2026-02-09 15:12:15.900396'),
(35, 1, 'C', 7, 'regular', '2026-02-09 15:12:15.900396'),
(36, 1, 'C', 8, 'regular', '2026-02-09 15:12:15.900396'),
(37, 1, 'C', 9, 'regular', '2026-02-09 15:12:15.900396'),
(38, 1, 'C', 10, 'regular', '2026-02-09 15:12:15.900396'),
(39, 1, 'C', 11, 'regular', '2026-02-09 15:12:15.900396'),
(40, 1, 'C', 12, 'regular', '2026-02-09 15:12:15.900396'),
(41, 1, 'C', 13, 'regular', '2026-02-09 15:12:15.900396'),
(42, 1, 'C', 14, 'regular', '2026-02-09 15:12:15.900396'),
(43, 1, 'D', 1, 'regular', '2026-02-09 15:12:15.900396'),
(44, 1, 'D', 2, 'regular', '2026-02-09 15:12:15.900396'),
(45, 1, 'D', 3, 'regular', '2026-02-09 15:12:15.900396'),
(46, 1, 'D', 4, 'regular', '2026-02-09 15:12:15.900396'),
(47, 1, 'D', 5, 'regular', '2026-02-09 15:12:15.900396'),
(48, 1, 'D', 6, 'regular', '2026-02-09 15:12:15.900396'),
(49, 1, 'D', 7, 'regular', '2026-02-09 15:12:15.900396'),
(50, 1, 'D', 8, 'regular', '2026-02-09 15:12:15.900396'),
(51, 1, 'D', 9, 'regular', '2026-02-09 15:12:15.900396'),
(52, 1, 'D', 10, 'regular', '2026-02-09 15:12:15.900396'),
(53, 1, 'D', 11, 'regular', '2026-02-09 15:12:15.900396'),
(54, 1, 'D', 12, 'regular', '2026-02-09 15:12:15.900396'),
(55, 1, 'D', 13, 'regular', '2026-02-09 15:12:15.900396'),
(56, 1, 'D', 14, 'regular', '2026-02-09 15:12:15.900396'),
(57, 1, 'E', 1, 'regular', '2026-02-09 15:12:15.900396'),
(58, 1, 'E', 2, 'regular', '2026-02-09 15:12:15.900396'),
(59, 1, 'E', 3, 'regular', '2026-02-09 15:12:15.900396'),
(60, 1, 'E', 4, 'regular', '2026-02-09 15:12:15.900396'),
(61, 1, 'E', 5, 'regular', '2026-02-09 15:12:15.900396'),
(62, 1, 'E', 6, 'regular', '2026-02-09 15:12:15.900396'),
(63, 1, 'E', 7, 'regular', '2026-02-09 15:12:15.900396'),
(64, 1, 'E', 8, 'regular', '2026-02-09 15:12:15.900396'),
(65, 1, 'E', 9, 'regular', '2026-02-09 15:12:15.900396'),
(66, 1, 'E', 10, 'regular', '2026-02-09 15:12:15.900396'),
(67, 1, 'E', 11, 'regular', '2026-02-09 15:12:15.900396'),
(68, 1, 'E', 12, 'regular', '2026-02-09 15:12:15.900396'),
(69, 1, 'E', 13, 'regular', '2026-02-09 15:12:15.900396'),
(70, 1, 'E', 14, 'regular', '2026-02-09 15:12:15.900396'),
(71, 1, 'F', 1, 'regular', '2026-02-09 15:12:15.900396'),
(72, 1, 'F', 2, 'regular', '2026-02-09 15:12:15.900396'),
(73, 1, 'F', 3, 'regular', '2026-02-09 15:12:15.900396'),
(74, 1, 'F', 4, 'regular', '2026-02-09 15:12:15.900396'),
(75, 1, 'F', 5, 'regular', '2026-02-09 15:12:15.900396'),
(76, 1, 'F', 6, 'regular', '2026-02-09 15:12:15.900396'),
(77, 1, 'F', 7, 'regular', '2026-02-09 15:12:15.900396'),
(78, 1, 'F', 8, 'regular', '2026-02-09 15:12:15.900396'),
(79, 1, 'F', 9, 'regular', '2026-02-09 15:12:15.900396'),
(80, 1, 'F', 10, 'regular', '2026-02-09 15:12:15.900396'),
(81, 1, 'F', 11, 'regular', '2026-02-09 15:12:15.900396'),
(82, 1, 'F', 12, 'regular', '2026-02-09 15:12:15.900396'),
(83, 1, 'F', 13, 'regular', '2026-02-09 15:12:15.900396'),
(84, 1, 'F', 14, 'regular', '2026-02-09 15:12:15.900396'),
(85, 1, 'G', 1, 'love_nest', '2026-02-09 15:12:15.900396'),
(86, 1, 'G', 2, 'love_nest', '2026-02-09 15:12:15.900396'),
(87, 1, 'G', 3, 'regular', '2026-02-09 15:12:15.900396'),
(88, 1, 'G', 4, 'regular', '2026-02-09 15:12:15.900396'),
(89, 1, 'G', 5, 'regular', '2026-02-09 15:12:15.900396'),
(90, 1, 'G', 6, 'regular', '2026-02-09 15:12:15.900396'),
(91, 1, 'G', 7, 'regular', '2026-02-09 15:12:15.900396'),
(92, 1, 'G', 8, 'regular', '2026-02-09 15:12:15.900396'),
(93, 1, 'G', 9, 'regular', '2026-02-09 15:12:15.900396'),
(94, 1, 'G', 10, 'regular', '2026-02-09 15:12:15.900396'),
(95, 1, 'G', 11, 'regular', '2026-02-09 15:12:15.900396'),
(96, 1, 'G', 12, 'regular', '2026-02-09 15:12:15.900396'),
(97, 1, 'G', 13, 'love_nest', '2026-02-09 15:12:15.900396'),
(98, 1, 'G', 14, 'love_nest', '2026-02-09 15:12:15.900396'),
(99, 2, 'A', 1, 'premium', '2026-02-09 15:12:15.900396'),
(100, 2, 'A', 2, 'premium', '2026-02-09 15:12:15.900396'),
(101, 2, 'A', 3, 'premium', '2026-02-09 15:12:15.900396'),
(102, 2, 'A', 4, 'premium', '2026-02-09 15:12:15.900396'),
(103, 2, 'A', 5, 'premium', '2026-02-09 15:12:15.900396'),
(104, 2, 'A', 6, 'premium', '2026-02-09 15:12:15.900396'),
(105, 2, 'A', 7, 'premium', '2026-02-09 15:12:15.900396'),
(106, 2, 'A', 8, 'premium', '2026-02-09 15:12:15.900396'),
(107, 2, 'A', 9, 'premium', '2026-02-09 15:12:15.900396'),
(108, 2, 'A', 10, 'premium', '2026-02-09 15:12:15.900396'),
(109, 2, 'A', 11, 'premium', '2026-02-09 15:12:15.900396'),
(110, 2, 'A', 12, 'premium', '2026-02-09 15:12:15.900396'),
(111, 2, 'A', 13, 'premium', '2026-02-09 15:12:15.900396'),
(112, 2, 'A', 14, 'premium', '2026-02-09 15:12:15.900396'),
(113, 2, 'B', 1, 'premium', '2026-02-09 15:12:15.900396'),
(114, 2, 'B', 2, 'premium', '2026-02-09 15:12:15.900396'),
(115, 2, 'B', 3, 'premium', '2026-02-09 15:12:15.900396'),
(116, 2, 'B', 4, 'premium', '2026-02-09 15:12:15.900396'),
(117, 2, 'B', 5, 'premium', '2026-02-09 15:12:15.900396'),
(118, 2, 'B', 6, 'premium', '2026-02-09 15:12:15.900396'),
(119, 2, 'B', 7, 'premium', '2026-02-09 15:12:15.900396'),
(120, 2, 'B', 8, 'premium', '2026-02-09 15:12:15.900396'),
(121, 2, 'B', 9, 'premium', '2026-02-09 15:12:15.900396'),
(122, 2, 'B', 10, 'premium', '2026-02-09 15:12:15.900396'),
(123, 2, 'B', 11, 'premium', '2026-02-09 15:12:15.900396'),
(124, 2, 'B', 12, 'premium', '2026-02-09 15:12:15.900396'),
(125, 2, 'B', 13, 'premium', '2026-02-09 15:12:15.900396'),
(126, 2, 'B', 14, 'premium', '2026-02-09 15:12:15.900396'),
(127, 2, 'C', 1, 'regular', '2026-02-09 15:12:15.900396'),
(128, 2, 'C', 2, 'regular', '2026-02-09 15:12:15.900396'),
(129, 2, 'C', 3, 'regular', '2026-02-09 15:12:15.900396'),
(130, 2, 'C', 4, 'regular', '2026-02-09 15:12:15.900396'),
(131, 2, 'C', 5, 'regular', '2026-02-09 15:12:15.900396'),
(132, 2, 'C', 6, 'regular', '2026-02-09 15:12:15.900396'),
(133, 2, 'C', 7, 'regular', '2026-02-09 15:12:15.900396'),
(134, 2, 'C', 8, 'regular', '2026-02-09 15:12:15.900396'),
(135, 2, 'C', 9, 'regular', '2026-02-09 15:12:15.900396'),
(136, 2, 'C', 10, 'regular', '2026-02-09 15:12:15.900396'),
(137, 2, 'C', 11, 'regular', '2026-02-09 15:12:15.900396'),
(138, 2, 'C', 12, 'regular', '2026-02-09 15:12:15.900396'),
(139, 2, 'C', 13, 'regular', '2026-02-09 15:12:15.900396'),
(140, 2, 'C', 14, 'regular', '2026-02-09 15:12:15.900396'),
(141, 2, 'D', 1, 'regular', '2026-02-09 15:12:15.900396'),
(142, 2, 'D', 2, 'regular', '2026-02-09 15:12:15.900396'),
(143, 2, 'D', 3, 'regular', '2026-02-09 15:12:15.900396'),
(144, 2, 'D', 4, 'regular', '2026-02-09 15:12:15.900396'),
(145, 2, 'D', 5, 'regular', '2026-02-09 15:12:15.900396'),
(146, 2, 'D', 6, 'regular', '2026-02-09 15:12:15.900396'),
(147, 2, 'D', 7, 'regular', '2026-02-09 15:12:15.900396'),
(148, 2, 'D', 8, 'regular', '2026-02-09 15:12:15.900396'),
(149, 2, 'D', 9, 'regular', '2026-02-09 15:12:15.900396'),
(150, 2, 'D', 10, 'regular', '2026-02-09 15:12:15.900396'),
(151, 2, 'D', 11, 'regular', '2026-02-09 15:12:15.900396'),
(152, 2, 'D', 12, 'regular', '2026-02-09 15:12:15.900396'),
(153, 2, 'D', 13, 'regular', '2026-02-09 15:12:15.900396'),
(154, 2, 'D', 14, 'regular', '2026-02-09 15:12:15.900396'),
(155, 2, 'E', 1, 'regular', '2026-02-09 15:12:15.900396'),
(156, 2, 'E', 2, 'regular', '2026-02-09 15:12:15.900396'),
(157, 2, 'E', 3, 'regular', '2026-02-09 15:12:15.900396'),
(158, 2, 'E', 4, 'regular', '2026-02-09 15:12:15.900396'),
(159, 2, 'E', 5, 'regular', '2026-02-09 15:12:15.900396'),
(160, 2, 'E', 6, 'regular', '2026-02-09 15:12:15.900396'),
(161, 2, 'E', 7, 'regular', '2026-02-09 15:12:15.900396'),
(162, 2, 'E', 8, 'regular', '2026-02-09 15:12:15.900396'),
(163, 2, 'E', 9, 'regular', '2026-02-09 15:12:15.900396'),
(164, 2, 'E', 10, 'regular', '2026-02-09 15:12:15.900396'),
(165, 2, 'E', 11, 'regular', '2026-02-09 15:12:15.900396'),
(166, 2, 'E', 12, 'regular', '2026-02-09 15:12:15.900396'),
(167, 2, 'E', 13, 'regular', '2026-02-09 15:12:15.900396'),
(168, 2, 'E', 14, 'regular', '2026-02-09 15:12:15.900396'),
(169, 2, 'F', 1, 'regular', '2026-02-09 15:12:15.900396'),
(170, 2, 'F', 2, 'regular', '2026-02-09 15:12:15.900396'),
(171, 2, 'F', 3, 'regular', '2026-02-09 15:12:15.900396'),
(172, 2, 'F', 4, 'regular', '2026-02-09 15:12:15.900396'),
(173, 2, 'F', 5, 'regular', '2026-02-09 15:12:15.900396'),
(174, 2, 'F', 6, 'regular', '2026-02-09 15:12:15.900396'),
(175, 2, 'F', 7, 'regular', '2026-02-09 15:12:15.900396'),
(176, 2, 'F', 8, 'regular', '2026-02-09 15:12:15.900396'),
(177, 2, 'F', 9, 'regular', '2026-02-09 15:12:15.900396'),
(178, 2, 'F', 10, 'regular', '2026-02-09 15:12:15.900396'),
(179, 2, 'F', 11, 'regular', '2026-02-09 15:12:15.900396'),
(180, 2, 'F', 12, 'regular', '2026-02-09 15:12:15.900396'),
(181, 2, 'F', 13, 'regular', '2026-02-09 15:12:15.900396'),
(182, 2, 'F', 14, 'regular', '2026-02-09 15:12:15.900396'),
(183, 2, 'G', 1, 'love_nest', '2026-02-09 15:12:15.900396'),
(184, 2, 'G', 2, 'love_nest', '2026-02-09 15:12:15.900396'),
(185, 2, 'G', 3, 'regular', '2026-02-09 15:12:15.900396'),
(186, 2, 'G', 4, 'regular', '2026-02-09 15:12:15.900396'),
(187, 2, 'G', 5, 'regular', '2026-02-09 15:12:15.900396'),
(188, 2, 'G', 6, 'regular', '2026-02-09 15:12:15.900396'),
(189, 2, 'G', 7, 'love_nest', '2026-02-09 15:12:15.900396'),
(190, 2, 'G', 8, 'love_nest', '2026-02-09 15:12:15.900396'),
(191, 2, 'G', 9, 'regular', '2026-02-09 15:12:15.900396'),
(192, 2, 'G', 10, 'regular', '2026-02-09 15:12:15.900396'),
(193, 2, 'G', 11, 'regular', '2026-02-09 15:12:15.900396'),
(194, 2, 'G', 12, 'regular', '2026-02-09 15:12:15.900396'),
(195, 2, 'G', 13, 'love_nest', '2026-02-09 15:12:15.900396'),
(196, 2, 'G', 14, 'love_nest', '2026-02-09 15:12:15.900396'),
(197, 3, 'A', 1, 'premium', '2026-02-09 15:12:15.900396'),
(198, 3, 'A', 2, 'premium', '2026-02-09 15:12:15.900396'),
(199, 3, 'A', 3, 'premium', '2026-02-09 15:12:15.900396'),
(200, 3, 'A', 4, 'premium', '2026-02-09 15:12:15.900396'),
(201, 3, 'A', 5, 'premium', '2026-02-09 15:12:15.900396'),
(202, 3, 'A', 6, 'premium', '2026-02-09 15:12:15.900396'),
(203, 3, 'A', 7, 'premium', '2026-02-09 15:12:15.900396'),
(204, 3, 'A', 8, 'premium', '2026-02-09 15:12:15.900396'),
(205, 3, 'A', 9, 'premium', '2026-02-09 15:12:15.900396'),
(206, 3, 'A', 10, 'premium', '2026-02-09 15:12:15.900396'),
(207, 3, 'A', 11, 'premium', '2026-02-09 15:12:15.900396'),
(208, 3, 'A', 12, 'premium', '2026-02-09 15:12:15.900396'),
(209, 3, 'A', 13, 'premium', '2026-02-09 15:12:15.900396'),
(210, 3, 'A', 14, 'premium', '2026-02-09 15:12:15.900396'),
(211, 3, 'B', 1, 'premium', '2026-02-09 15:12:15.900396'),
(212, 3, 'B', 2, 'premium', '2026-02-09 15:12:15.900396'),
(213, 3, 'B', 3, 'premium', '2026-02-09 15:12:15.900396'),
(214, 3, 'B', 4, 'premium', '2026-02-09 15:12:15.900396'),
(215, 3, 'B', 5, 'premium', '2026-02-09 15:12:15.900396'),
(216, 3, 'B', 6, 'premium', '2026-02-09 15:12:15.900396'),
(217, 3, 'B', 7, 'premium', '2026-02-09 15:12:15.900396'),
(218, 3, 'B', 8, 'premium', '2026-02-09 15:12:15.900396'),
(219, 3, 'B', 9, 'premium', '2026-02-09 15:12:15.900396'),
(220, 3, 'B', 10, 'premium', '2026-02-09 15:12:15.900396'),
(221, 3, 'B', 11, 'premium', '2026-02-09 15:12:15.900396'),
(222, 3, 'B', 12, 'premium', '2026-02-09 15:12:15.900396'),
(223, 3, 'B', 13, 'premium', '2026-02-09 15:12:15.900396'),
(224, 3, 'B', 14, 'premium', '2026-02-09 15:12:15.900396'),
(225, 3, 'C', 1, 'regular', '2026-02-09 15:12:15.900396'),
(226, 3, 'C', 2, 'regular', '2026-02-09 15:12:15.900396'),
(227, 3, 'C', 3, 'regular', '2026-02-09 15:12:15.900396'),
(228, 3, 'C', 4, 'regular', '2026-02-09 15:12:15.900396'),
(229, 3, 'C', 5, 'regular', '2026-02-09 15:12:15.900396'),
(230, 3, 'C', 6, 'regular', '2026-02-09 15:12:15.900396'),
(231, 3, 'C', 7, 'regular', '2026-02-09 15:12:15.900396'),
(232, 3, 'C', 8, 'regular', '2026-02-09 15:12:15.900396'),
(233, 3, 'C', 9, 'regular', '2026-02-09 15:12:15.900396'),
(234, 3, 'C', 10, 'regular', '2026-02-09 15:12:15.900396'),
(235, 3, 'C', 11, 'regular', '2026-02-09 15:12:15.900396'),
(236, 3, 'C', 12, 'regular', '2026-02-09 15:12:15.900396'),
(237, 3, 'C', 13, 'regular', '2026-02-09 15:12:15.900396'),
(238, 3, 'C', 14, 'regular', '2026-02-09 15:12:15.900396'),
(239, 3, 'D', 1, 'regular', '2026-02-09 15:12:15.900396'),
(240, 3, 'D', 2, 'regular', '2026-02-09 15:12:15.900396'),
(241, 3, 'D', 3, 'regular', '2026-02-09 15:12:15.900396'),
(242, 3, 'D', 4, 'regular', '2026-02-09 15:12:15.900396'),
(243, 3, 'D', 5, 'regular', '2026-02-09 15:12:15.900396'),
(244, 3, 'D', 6, 'regular', '2026-02-09 15:12:15.900396'),
(245, 3, 'D', 7, 'regular', '2026-02-09 15:12:15.900396'),
(246, 3, 'D', 8, 'regular', '2026-02-09 15:12:15.900396'),
(247, 3, 'D', 9, 'regular', '2026-02-09 15:12:15.900396'),
(248, 3, 'D', 10, 'regular', '2026-02-09 15:12:15.900396'),
(249, 3, 'D', 11, 'regular', '2026-02-09 15:12:15.900396'),
(250, 3, 'D', 12, 'regular', '2026-02-09 15:12:15.900396'),
(251, 3, 'D', 13, 'regular', '2026-02-09 15:12:15.900396'),
(252, 3, 'D', 14, 'regular', '2026-02-09 15:12:15.900396'),
(253, 3, 'E', 1, 'regular', '2026-02-09 15:12:15.900396'),
(254, 3, 'E', 2, 'regular', '2026-02-09 15:12:15.900396'),
(255, 3, 'E', 3, 'regular', '2026-02-09 15:12:15.900396'),
(256, 3, 'E', 4, 'regular', '2026-02-09 15:12:15.900396'),
(257, 3, 'E', 5, 'regular', '2026-02-09 15:12:15.900396'),
(258, 3, 'E', 6, 'regular', '2026-02-09 15:12:15.900396'),
(259, 3, 'E', 7, 'regular', '2026-02-09 15:12:15.900396'),
(260, 3, 'E', 8, 'regular', '2026-02-09 15:12:15.900396'),
(261, 3, 'E', 9, 'regular', '2026-02-09 15:12:15.900396'),
(262, 3, 'E', 10, 'regular', '2026-02-09 15:12:15.900396'),
(263, 3, 'E', 11, 'regular', '2026-02-09 15:12:15.900396'),
(264, 3, 'E', 12, 'regular', '2026-02-09 15:12:15.900396'),
(265, 3, 'E', 13, 'regular', '2026-02-09 15:12:15.900396'),
(266, 3, 'E', 14, 'regular', '2026-02-09 15:12:15.900396'),
(267, 3, 'F', 1, 'regular', '2026-02-09 15:12:15.900396'),
(268, 3, 'F', 2, 'regular', '2026-02-09 15:12:15.900396'),
(269, 3, 'F', 3, 'regular', '2026-02-09 15:12:15.900396'),
(270, 3, 'F', 4, 'regular', '2026-02-09 15:12:15.900396'),
(271, 3, 'F', 5, 'regular', '2026-02-09 15:12:15.900396'),
(272, 3, 'F', 6, 'regular', '2026-02-09 15:12:15.900396'),
(273, 3, 'F', 7, 'regular', '2026-02-09 15:12:15.900396'),
(274, 3, 'F', 8, 'regular', '2026-02-09 15:12:15.900396'),
(275, 3, 'F', 9, 'regular', '2026-02-09 15:12:15.900396'),
(276, 3, 'F', 10, 'regular', '2026-02-09 15:12:15.900396'),
(277, 3, 'F', 11, 'regular', '2026-02-09 15:12:15.900396'),
(278, 3, 'F', 12, 'regular', '2026-02-09 15:12:15.900396'),
(279, 3, 'F', 13, 'regular', '2026-02-09 15:12:15.900396'),
(280, 3, 'F', 14, 'regular', '2026-02-09 15:12:15.900396'),
(281, 3, 'G', 1, 'love_nest', '2026-02-09 15:12:15.900396'),
(282, 3, 'G', 2, 'love_nest', '2026-02-09 15:12:15.900396'),
(283, 3, 'G', 3, 'regular', '2026-02-09 15:12:15.900396'),
(284, 3, 'G', 4, 'regular', '2026-02-09 15:12:15.900396'),
(285, 3, 'G', 5, 'regular', '2026-02-09 15:12:15.900396'),
(286, 3, 'G', 6, 'regular', '2026-02-09 15:12:15.900396'),
(287, 3, 'G', 7, 'regular', '2026-02-09 15:12:15.900396'),
(288, 3, 'G', 8, 'regular', '2026-02-09 15:12:15.900396'),
(289, 3, 'G', 9, 'regular', '2026-02-09 15:12:15.900396'),
(290, 3, 'G', 10, 'regular', '2026-02-09 15:12:15.900396'),
(291, 3, 'G', 11, 'regular', '2026-02-09 15:12:15.900396'),
(292, 3, 'G', 12, 'regular', '2026-02-09 15:12:15.900396'),
(293, 3, 'G', 13, 'love_nest', '2026-02-09 15:12:15.900396'),
(294, 3, 'G', 14, 'love_nest', '2026-02-09 15:12:15.900396'),
(295, 4, 'A', 1, 'premium', '2026-02-09 15:12:15.900396'),
(296, 4, 'A', 2, 'premium', '2026-02-09 15:12:15.900396'),
(297, 4, 'A', 3, 'premium', '2026-02-09 15:12:15.900396'),
(298, 4, 'A', 4, 'premium', '2026-02-09 15:12:15.900396'),
(299, 4, 'A', 5, 'premium', '2026-02-09 15:12:15.900396'),
(300, 4, 'A', 6, 'premium', '2026-02-09 15:12:15.900396'),
(301, 4, 'A', 7, 'premium', '2026-02-09 15:12:15.900396'),
(302, 4, 'A', 8, 'premium', '2026-02-09 15:12:15.900396'),
(303, 4, 'A', 9, 'premium', '2026-02-09 15:12:15.900396'),
(304, 4, 'A', 10, 'premium', '2026-02-09 15:12:15.900396'),
(305, 4, 'A', 11, 'premium', '2026-02-09 15:12:15.900396'),
(306, 4, 'A', 12, 'premium', '2026-02-09 15:12:15.900396'),
(307, 4, 'A', 13, 'premium', '2026-02-09 15:12:15.900396'),
(308, 4, 'A', 14, 'premium', '2026-02-09 15:12:15.900396'),
(309, 4, 'B', 1, 'premium', '2026-02-09 15:12:15.900396'),
(310, 4, 'B', 2, 'premium', '2026-02-09 15:12:15.900396'),
(311, 4, 'B', 3, 'premium', '2026-02-09 15:12:15.900396'),
(312, 4, 'B', 4, 'premium', '2026-02-09 15:12:15.900396'),
(313, 4, 'B', 5, 'premium', '2026-02-09 15:12:15.900396'),
(314, 4, 'B', 6, 'premium', '2026-02-09 15:12:15.900396'),
(315, 4, 'B', 7, 'premium', '2026-02-09 15:12:15.900396'),
(316, 4, 'B', 8, 'premium', '2026-02-09 15:12:15.900396'),
(317, 4, 'B', 9, 'premium', '2026-02-09 15:12:15.900396'),
(318, 4, 'B', 10, 'premium', '2026-02-09 15:12:15.900396'),
(319, 4, 'B', 11, 'premium', '2026-02-09 15:12:15.900396'),
(320, 4, 'B', 12, 'premium', '2026-02-09 15:12:15.900396'),
(321, 4, 'B', 13, 'premium', '2026-02-09 15:12:15.900396'),
(322, 4, 'B', 14, 'premium', '2026-02-09 15:12:15.900396'),
(323, 4, 'C', 1, 'regular', '2026-02-09 15:12:15.900396'),
(324, 4, 'C', 2, 'regular', '2026-02-09 15:12:15.900396'),
(325, 4, 'C', 3, 'regular', '2026-02-09 15:12:15.900396'),
(326, 4, 'C', 4, 'regular', '2026-02-09 15:12:15.900396'),
(327, 4, 'C', 5, 'regular', '2026-02-09 15:12:15.900396'),
(328, 4, 'C', 6, 'regular', '2026-02-09 15:12:15.900396'),
(329, 4, 'C', 7, 'regular', '2026-02-09 15:12:15.900396'),
(330, 4, 'C', 8, 'regular', '2026-02-09 15:12:15.900396'),
(331, 4, 'C', 9, 'regular', '2026-02-09 15:12:15.900396'),
(332, 4, 'C', 10, 'regular', '2026-02-09 15:12:15.900396'),
(333, 4, 'C', 11, 'regular', '2026-02-09 15:12:15.900396'),
(334, 4, 'C', 12, 'regular', '2026-02-09 15:12:15.900396'),
(335, 4, 'C', 13, 'regular', '2026-02-09 15:12:15.900396'),
(336, 4, 'C', 14, 'regular', '2026-02-09 15:12:15.900396'),
(337, 4, 'D', 1, 'regular', '2026-02-09 15:12:15.900396'),
(338, 4, 'D', 2, 'regular', '2026-02-09 15:12:15.900396'),
(339, 4, 'D', 3, 'regular', '2026-02-09 15:12:15.900396'),
(340, 4, 'D', 4, 'regular', '2026-02-09 15:12:15.900396'),
(341, 4, 'D', 5, 'regular', '2026-02-09 15:12:15.900396'),
(342, 4, 'D', 6, 'regular', '2026-02-09 15:12:15.900396'),
(343, 4, 'D', 7, 'regular', '2026-02-09 15:12:15.900396'),
(344, 4, 'D', 8, 'regular', '2026-02-09 15:12:15.900396'),
(345, 4, 'D', 9, 'regular', '2026-02-09 15:12:15.900396'),
(346, 4, 'D', 10, 'regular', '2026-02-09 15:12:15.900396'),
(347, 4, 'D', 11, 'regular', '2026-02-09 15:12:15.900396'),
(348, 4, 'D', 12, 'regular', '2026-02-09 15:12:15.900396'),
(349, 4, 'D', 13, 'regular', '2026-02-09 15:12:15.900396'),
(350, 4, 'D', 14, 'regular', '2026-02-09 15:12:15.900396'),
(351, 4, 'E', 1, 'regular', '2026-02-09 15:12:15.900396'),
(352, 4, 'E', 2, 'regular', '2026-02-09 15:12:15.900396'),
(353, 4, 'E', 3, 'regular', '2026-02-09 15:12:15.900396'),
(354, 4, 'E', 4, 'regular', '2026-02-09 15:12:15.900396'),
(355, 4, 'E', 5, 'regular', '2026-02-09 15:12:15.900396'),
(356, 4, 'E', 6, 'regular', '2026-02-09 15:12:15.900396'),
(357, 4, 'E', 7, 'regular', '2026-02-09 15:12:15.900396'),
(358, 4, 'E', 8, 'regular', '2026-02-09 15:12:15.900396'),
(359, 4, 'E', 9, 'regular', '2026-02-09 15:12:15.900396'),
(360, 4, 'E', 10, 'regular', '2026-02-09 15:12:15.900396'),
(361, 4, 'E', 11, 'regular', '2026-02-09 15:12:15.900396'),
(362, 4, 'E', 12, 'regular', '2026-02-09 15:12:15.900396'),
(363, 4, 'E', 13, 'regular', '2026-02-09 15:12:15.900396'),
(364, 4, 'E', 14, 'regular', '2026-02-09 15:12:15.900396'),
(365, 4, 'F', 1, 'regular', '2026-02-09 15:12:15.900396'),
(366, 4, 'F', 2, 'regular', '2026-02-09 15:12:15.900396'),
(367, 4, 'F', 3, 'regular', '2026-02-09 15:12:15.900396'),
(368, 4, 'F', 4, 'regular', '2026-02-09 15:12:15.900396'),
(369, 4, 'F', 5, 'regular', '2026-02-09 15:12:15.900396'),
(370, 4, 'F', 6, 'regular', '2026-02-09 15:12:15.900396'),
(371, 4, 'F', 7, 'regular', '2026-02-09 15:12:15.900396'),
(372, 4, 'F', 8, 'regular', '2026-02-09 15:12:15.900396'),
(373, 4, 'F', 9, 'regular', '2026-02-09 15:12:15.900396'),
(374, 4, 'F', 10, 'regular', '2026-02-09 15:12:15.900396'),
(375, 4, 'F', 11, 'regular', '2026-02-09 15:12:15.900396'),
(376, 4, 'F', 12, 'regular', '2026-02-09 15:12:15.900396'),
(377, 4, 'F', 13, 'regular', '2026-02-09 15:12:15.900396'),
(378, 4, 'F', 14, 'regular', '2026-02-09 15:12:15.900396'),
(379, 4, 'G', 1, 'love_nest', '2026-02-09 15:12:15.900396'),
(380, 4, 'G', 2, 'love_nest', '2026-02-09 15:12:15.900396'),
(381, 4, 'G', 3, 'regular', '2026-02-09 15:12:15.900396'),
(382, 4, 'G', 4, 'regular', '2026-02-09 15:12:15.900396'),
(383, 4, 'G', 5, 'regular', '2026-02-09 15:12:15.900396'),
(384, 4, 'G', 6, 'regular', '2026-02-09 15:12:15.900396'),
(385, 4, 'G', 7, 'love_nest', '2026-02-09 15:12:15.900396'),
(386, 4, 'G', 8, 'love_nest', '2026-02-09 15:12:15.900396'),
(387, 4, 'G', 9, 'regular', '2026-02-09 15:12:15.900396'),
(388, 4, 'G', 10, 'regular', '2026-02-09 15:12:15.900396'),
(389, 4, 'G', 11, 'regular', '2026-02-09 15:12:15.900396'),
(390, 4, 'G', 12, 'regular', '2026-02-09 15:12:15.900396'),
(391, 4, 'G', 13, 'love_nest', '2026-02-09 15:12:15.900396'),
(392, 4, 'G', 14, 'love_nest', '2026-02-09 15:12:15.900396'),
(393, 5, 'A', 1, 'premium', '2026-02-09 15:12:15.900396'),
(394, 5, 'A', 2, 'premium', '2026-02-09 15:12:15.900396'),
(395, 5, 'A', 3, 'premium', '2026-02-09 15:12:15.900396'),
(396, 5, 'A', 4, 'premium', '2026-02-09 15:12:15.900396'),
(397, 5, 'A', 5, 'premium', '2026-02-09 15:12:15.900396'),
(398, 5, 'A', 6, 'premium', '2026-02-09 15:12:15.900396'),
(399, 5, 'A', 7, 'premium', '2026-02-09 15:12:15.900396'),
(400, 5, 'A', 8, 'premium', '2026-02-09 15:12:15.900396'),
(401, 5, 'A', 9, 'premium', '2026-02-09 15:12:15.900396'),
(402, 5, 'A', 10, 'premium', '2026-02-09 15:12:15.900396'),
(403, 5, 'A', 11, 'premium', '2026-02-09 15:12:15.900396'),
(404, 5, 'A', 12, 'premium', '2026-02-09 15:12:15.900396'),
(405, 5, 'A', 13, 'premium', '2026-02-09 15:12:15.900396'),
(406, 5, 'A', 14, 'premium', '2026-02-09 15:12:15.900396'),
(407, 5, 'B', 1, 'premium', '2026-02-09 15:12:15.900396'),
(408, 5, 'B', 2, 'premium', '2026-02-09 15:12:15.900396'),
(409, 5, 'B', 3, 'premium', '2026-02-09 15:12:15.900396'),
(410, 5, 'B', 4, 'premium', '2026-02-09 15:12:15.900396'),
(411, 5, 'B', 5, 'premium', '2026-02-09 15:12:15.900396'),
(412, 5, 'B', 6, 'premium', '2026-02-09 15:12:15.900396'),
(413, 5, 'B', 7, 'premium', '2026-02-09 15:12:15.900396'),
(414, 5, 'B', 8, 'premium', '2026-02-09 15:12:15.900396'),
(415, 5, 'B', 9, 'premium', '2026-02-09 15:12:15.900396'),
(416, 5, 'B', 10, 'premium', '2026-02-09 15:12:15.900396'),
(417, 5, 'B', 11, 'premium', '2026-02-09 15:12:15.900396'),
(418, 5, 'B', 12, 'premium', '2026-02-09 15:12:15.900396'),
(419, 5, 'B', 13, 'premium', '2026-02-09 15:12:15.900396'),
(420, 5, 'B', 14, 'premium', '2026-02-09 15:12:15.900396'),
(421, 5, 'C', 1, 'regular', '2026-02-09 15:12:15.900396'),
(422, 5, 'C', 2, 'regular', '2026-02-09 15:12:15.900396'),
(423, 5, 'C', 3, 'regular', '2026-02-09 15:12:15.900396'),
(424, 5, 'C', 4, 'regular', '2026-02-09 15:12:15.900396'),
(425, 5, 'C', 5, 'regular', '2026-02-09 15:12:15.900396'),
(426, 5, 'C', 6, 'regular', '2026-02-09 15:12:15.900396'),
(427, 5, 'C', 7, 'regular', '2026-02-09 15:12:15.900396'),
(428, 5, 'C', 8, 'regular', '2026-02-09 15:12:15.900396'),
(429, 5, 'C', 9, 'regular', '2026-02-09 15:12:15.900396'),
(430, 5, 'C', 10, 'regular', '2026-02-09 15:12:15.900396'),
(431, 5, 'C', 11, 'regular', '2026-02-09 15:12:15.900396'),
(432, 5, 'C', 12, 'regular', '2026-02-09 15:12:15.900396'),
(433, 5, 'C', 13, 'regular', '2026-02-09 15:12:15.900396'),
(434, 5, 'C', 14, 'regular', '2026-02-09 15:12:15.900396'),
(435, 5, 'D', 1, 'regular', '2026-02-09 15:12:15.900396'),
(436, 5, 'D', 2, 'regular', '2026-02-09 15:12:15.900396'),
(437, 5, 'D', 3, 'regular', '2026-02-09 15:12:15.900396'),
(438, 5, 'D', 4, 'regular', '2026-02-09 15:12:15.900396'),
(439, 5, 'D', 5, 'regular', '2026-02-09 15:12:15.900396'),
(440, 5, 'D', 6, 'regular', '2026-02-09 15:12:15.900396'),
(441, 5, 'D', 7, 'regular', '2026-02-09 15:12:15.900396'),
(442, 5, 'D', 8, 'regular', '2026-02-09 15:12:15.900396'),
(443, 5, 'D', 9, 'regular', '2026-02-09 15:12:15.900396'),
(444, 5, 'D', 10, 'regular', '2026-02-09 15:12:15.900396'),
(445, 5, 'D', 11, 'regular', '2026-02-09 15:12:15.900396'),
(446, 5, 'D', 12, 'regular', '2026-02-09 15:12:15.900396'),
(447, 5, 'D', 13, 'regular', '2026-02-09 15:12:15.900396'),
(448, 5, 'D', 14, 'regular', '2026-02-09 15:12:15.900396'),
(449, 5, 'E', 1, 'regular', '2026-02-09 15:12:15.900396'),
(450, 5, 'E', 2, 'regular', '2026-02-09 15:12:15.900396'),
(451, 5, 'E', 3, 'regular', '2026-02-09 15:12:15.900396'),
(452, 5, 'E', 4, 'regular', '2026-02-09 15:12:15.900396'),
(453, 5, 'E', 5, 'regular', '2026-02-09 15:12:15.900396'),
(454, 5, 'E', 6, 'regular', '2026-02-09 15:12:15.900396'),
(455, 5, 'E', 7, 'regular', '2026-02-09 15:12:15.900396'),
(456, 5, 'E', 8, 'regular', '2026-02-09 15:12:15.900396'),
(457, 5, 'E', 9, 'regular', '2026-02-09 15:12:15.900396'),
(458, 5, 'E', 10, 'regular', '2026-02-09 15:12:15.900396'),
(459, 5, 'E', 11, 'regular', '2026-02-09 15:12:15.900396'),
(460, 5, 'E', 12, 'regular', '2026-02-09 15:12:15.900396'),
(461, 5, 'E', 13, 'regular', '2026-02-09 15:12:15.900396'),
(462, 5, 'E', 14, 'regular', '2026-02-09 15:12:15.900396'),
(463, 5, 'F', 1, 'regular', '2026-02-09 15:12:15.900396'),
(464, 5, 'F', 2, 'regular', '2026-02-09 15:12:15.900396'),
(465, 5, 'F', 3, 'regular', '2026-02-09 15:12:15.900396'),
(466, 5, 'F', 4, 'regular', '2026-02-09 15:12:15.900396'),
(467, 5, 'F', 5, 'regular', '2026-02-09 15:12:15.900396'),
(468, 5, 'F', 6, 'regular', '2026-02-09 15:12:15.900396'),
(469, 5, 'F', 7, 'regular', '2026-02-09 15:12:15.900396'),
(470, 5, 'F', 8, 'regular', '2026-02-09 15:12:15.900396'),
(471, 5, 'F', 9, 'regular', '2026-02-09 15:12:15.900396'),
(472, 5, 'F', 10, 'regular', '2026-02-09 15:12:15.900396'),
(473, 5, 'F', 11, 'regular', '2026-02-09 15:12:15.900396'),
(474, 5, 'F', 12, 'regular', '2026-02-09 15:12:15.900396'),
(475, 5, 'F', 13, 'regular', '2026-02-09 15:12:15.900396'),
(476, 5, 'F', 14, 'regular', '2026-02-09 15:12:15.900396'),
(477, 5, 'G', 1, 'love_nest', '2026-02-09 15:12:15.900396'),
(478, 5, 'G', 2, 'love_nest', '2026-02-09 15:12:15.900396'),
(479, 5, 'G', 3, 'regular', '2026-02-09 15:12:15.900396'),
(480, 5, 'G', 4, 'regular', '2026-02-09 15:12:15.900396'),
(481, 5, 'G', 5, 'regular', '2026-02-09 15:12:15.900396'),
(482, 5, 'G', 6, 'regular', '2026-02-09 15:12:15.900396'),
(483, 5, 'G', 7, 'regular', '2026-02-09 15:12:15.900396'),
(484, 5, 'G', 8, 'regular', '2026-02-09 15:12:15.900396'),
(485, 5, 'G', 9, 'regular', '2026-02-09 15:12:15.900396'),
(486, 5, 'G', 10, 'regular', '2026-02-09 15:12:15.900396'),
(487, 5, 'G', 11, 'regular', '2026-02-09 15:12:15.900396'),
(488, 5, 'G', 12, 'regular', '2026-02-09 15:12:15.900396'),
(489, 5, 'G', 13, 'love_nest', '2026-02-09 15:12:15.900396'),
(490, 5, 'G', 14, 'love_nest', '2026-02-09 15:12:15.900396'),
(491, 6, 'A', 1, 'premium', '2026-02-09 15:12:15.900396'),
(492, 6, 'A', 2, 'premium', '2026-02-09 15:12:15.900396'),
(493, 6, 'A', 3, 'premium', '2026-02-09 15:12:15.900396'),
(494, 6, 'A', 4, 'premium', '2026-02-09 15:12:15.900396'),
(495, 6, 'A', 5, 'premium', '2026-02-09 15:12:15.900396'),
(496, 6, 'A', 6, 'premium', '2026-02-09 15:12:15.900396'),
(497, 6, 'A', 7, 'premium', '2026-02-09 15:12:15.900396'),
(498, 6, 'A', 8, 'premium', '2026-02-09 15:12:15.900396'),
(499, 6, 'A', 9, 'premium', '2026-02-09 15:12:15.900396'),
(500, 6, 'A', 10, 'premium', '2026-02-09 15:12:15.900396'),
(501, 6, 'A', 11, 'premium', '2026-02-09 15:12:15.900396'),
(502, 6, 'A', 12, 'premium', '2026-02-09 15:12:15.900396'),
(503, 6, 'A', 13, 'premium', '2026-02-09 15:12:15.900396'),
(504, 6, 'A', 14, 'premium', '2026-02-09 15:12:15.900396'),
(505, 6, 'B', 1, 'premium', '2026-02-09 15:12:15.900396'),
(506, 6, 'B', 2, 'premium', '2026-02-09 15:12:15.900396'),
(507, 6, 'B', 3, 'premium', '2026-02-09 15:12:15.900396'),
(508, 6, 'B', 4, 'premium', '2026-02-09 15:12:15.900396'),
(509, 6, 'B', 5, 'premium', '2026-02-09 15:12:15.900396'),
(510, 6, 'B', 6, 'premium', '2026-02-09 15:12:15.900396'),
(511, 6, 'B', 7, 'premium', '2026-02-09 15:12:15.900396'),
(512, 6, 'B', 8, 'premium', '2026-02-09 15:12:15.900396'),
(513, 6, 'B', 9, 'premium', '2026-02-09 15:12:15.900396'),
(514, 6, 'B', 10, 'premium', '2026-02-09 15:12:15.900396'),
(515, 6, 'B', 11, 'premium', '2026-02-09 15:12:15.900396'),
(516, 6, 'B', 12, 'premium', '2026-02-09 15:12:15.900396'),
(517, 6, 'B', 13, 'premium', '2026-02-09 15:12:15.900396'),
(518, 6, 'B', 14, 'premium', '2026-02-09 15:12:15.900396'),
(519, 6, 'C', 1, 'regular', '2026-02-09 15:12:15.900396'),
(520, 6, 'C', 2, 'regular', '2026-02-09 15:12:15.900396'),
(521, 6, 'C', 3, 'regular', '2026-02-09 15:12:15.900396'),
(522, 6, 'C', 4, 'regular', '2026-02-09 15:12:15.900396'),
(523, 6, 'C', 5, 'regular', '2026-02-09 15:12:15.900396'),
(524, 6, 'C', 6, 'regular', '2026-02-09 15:12:15.900396'),
(525, 6, 'C', 7, 'regular', '2026-02-09 15:12:15.900396'),
(526, 6, 'C', 8, 'regular', '2026-02-09 15:12:15.900396'),
(527, 6, 'C', 9, 'regular', '2026-02-09 15:12:15.900396'),
(528, 6, 'C', 10, 'regular', '2026-02-09 15:12:15.900396'),
(529, 6, 'C', 11, 'regular', '2026-02-09 15:12:15.900396'),
(530, 6, 'C', 12, 'regular', '2026-02-09 15:12:15.900396'),
(531, 6, 'C', 13, 'regular', '2026-02-09 15:12:15.900396'),
(532, 6, 'C', 14, 'regular', '2026-02-09 15:12:15.900396'),
(533, 6, 'D', 1, 'regular', '2026-02-09 15:12:15.900396'),
(534, 6, 'D', 2, 'regular', '2026-02-09 15:12:15.900396'),
(535, 6, 'D', 3, 'regular', '2026-02-09 15:12:15.900396'),
(536, 6, 'D', 4, 'regular', '2026-02-09 15:12:15.900396'),
(537, 6, 'D', 5, 'regular', '2026-02-09 15:12:15.900396'),
(538, 6, 'D', 6, 'regular', '2026-02-09 15:12:15.900396'),
(539, 6, 'D', 7, 'regular', '2026-02-09 15:12:15.900396'),
(540, 6, 'D', 8, 'regular', '2026-02-09 15:12:15.900396'),
(541, 6, 'D', 9, 'regular', '2026-02-09 15:12:15.900396'),
(542, 6, 'D', 10, 'regular', '2026-02-09 15:12:15.900396'),
(543, 6, 'D', 11, 'regular', '2026-02-09 15:12:15.900396'),
(544, 6, 'D', 12, 'regular', '2026-02-09 15:12:15.900396'),
(545, 6, 'D', 13, 'regular', '2026-02-09 15:12:15.900396'),
(546, 6, 'D', 14, 'regular', '2026-02-09 15:12:15.900396'),
(547, 6, 'E', 1, 'regular', '2026-02-09 15:12:15.900396'),
(548, 6, 'E', 2, 'regular', '2026-02-09 15:12:15.900396'),
(549, 6, 'E', 3, 'regular', '2026-02-09 15:12:15.900396'),
(550, 6, 'E', 4, 'regular', '2026-02-09 15:12:15.900396'),
(551, 6, 'E', 5, 'regular', '2026-02-09 15:12:15.900396'),
(552, 6, 'E', 6, 'regular', '2026-02-09 15:12:15.900396'),
(553, 6, 'E', 7, 'regular', '2026-02-09 15:12:15.900396'),
(554, 6, 'E', 8, 'regular', '2026-02-09 15:12:15.900396'),
(555, 6, 'E', 9, 'regular', '2026-02-09 15:12:15.900396'),
(556, 6, 'E', 10, 'regular', '2026-02-09 15:12:15.900396'),
(557, 6, 'E', 11, 'regular', '2026-02-09 15:12:15.900396'),
(558, 6, 'E', 12, 'regular', '2026-02-09 15:12:15.900396'),
(559, 6, 'E', 13, 'regular', '2026-02-09 15:12:15.900396'),
(560, 6, 'E', 14, 'regular', '2026-02-09 15:12:15.900396'),
(561, 6, 'F', 1, 'regular', '2026-02-09 15:12:15.900396'),
(562, 6, 'F', 2, 'regular', '2026-02-09 15:12:15.900396'),
(563, 6, 'F', 3, 'regular', '2026-02-09 15:12:15.900396'),
(564, 6, 'F', 4, 'regular', '2026-02-09 15:12:15.900396'),
(565, 6, 'F', 5, 'regular', '2026-02-09 15:12:15.900396'),
(566, 6, 'F', 6, 'regular', '2026-02-09 15:12:15.900396'),
(567, 6, 'F', 7, 'regular', '2026-02-09 15:12:15.900396'),
(568, 6, 'F', 8, 'regular', '2026-02-09 15:12:15.900396'),
(569, 6, 'F', 9, 'regular', '2026-02-09 15:12:15.900396'),
(570, 6, 'F', 10, 'regular', '2026-02-09 15:12:15.900396'),
(571, 6, 'F', 11, 'regular', '2026-02-09 15:12:15.900396'),
(572, 6, 'F', 12, 'regular', '2026-02-09 15:12:15.900396'),
(573, 6, 'F', 13, 'regular', '2026-02-09 15:12:15.900396'),
(574, 6, 'F', 14, 'regular', '2026-02-09 15:12:15.900396'),
(575, 6, 'G', 1, 'love_nest', '2026-02-09 15:12:15.900396'),
(576, 6, 'G', 2, 'love_nest', '2026-02-09 15:12:15.900396'),
(577, 6, 'G', 3, 'regular', '2026-02-09 15:12:15.900396'),
(578, 6, 'G', 4, 'regular', '2026-02-09 15:12:15.900396'),
(579, 6, 'G', 5, 'regular', '2026-02-09 15:12:15.900396'),
(580, 6, 'G', 6, 'regular', '2026-02-09 15:12:15.900396'),
(581, 6, 'G', 7, 'love_nest', '2026-02-09 15:12:15.900396'),
(582, 6, 'G', 8, 'love_nest', '2026-02-09 15:12:15.900396'),
(583, 6, 'G', 9, 'regular', '2026-02-09 15:12:15.900396'),
(584, 6, 'G', 10, 'regular', '2026-02-09 15:12:15.900396'),
(585, 6, 'G', 11, 'regular', '2026-02-09 15:12:15.900396'),
(586, 6, 'G', 12, 'regular', '2026-02-09 15:12:15.900396'),
(587, 6, 'G', 13, 'love_nest', '2026-02-09 15:12:15.900396'),
(588, 6, 'G', 14, 'love_nest', '2026-02-09 15:12:15.900396'),
(589, 7, 'A', 1, 'premium', '2026-02-09 15:12:15.900396'),
(590, 7, 'A', 2, 'premium', '2026-02-09 15:12:15.900396'),
(591, 7, 'A', 3, 'premium', '2026-02-09 15:12:15.900396'),
(592, 7, 'A', 4, 'premium', '2026-02-09 15:12:15.900396'),
(593, 7, 'A', 5, 'premium', '2026-02-09 15:12:15.900396'),
(594, 7, 'A', 6, 'premium', '2026-02-09 15:12:15.900396'),
(595, 7, 'A', 7, 'premium', '2026-02-09 15:12:15.900396'),
(596, 7, 'A', 8, 'premium', '2026-02-09 15:12:15.900396'),
(597, 7, 'A', 9, 'premium', '2026-02-09 15:12:15.900396'),
(598, 7, 'A', 10, 'premium', '2026-02-09 15:12:15.900396'),
(599, 7, 'A', 11, 'premium', '2026-02-09 15:12:15.900396'),
(600, 7, 'A', 12, 'premium', '2026-02-09 15:12:15.900396'),
(601, 7, 'A', 13, 'premium', '2026-02-09 15:12:15.900396'),
(602, 7, 'A', 14, 'premium', '2026-02-09 15:12:15.900396'),
(603, 7, 'B', 1, 'premium', '2026-02-09 15:12:15.900396'),
(604, 7, 'B', 2, 'premium', '2026-02-09 15:12:15.900396'),
(605, 7, 'B', 3, 'premium', '2026-02-09 15:12:15.900396'),
(606, 7, 'B', 4, 'premium', '2026-02-09 15:12:15.900396'),
(607, 7, 'B', 5, 'premium', '2026-02-09 15:12:15.900396'),
(608, 7, 'B', 6, 'premium', '2026-02-09 15:12:15.900396'),
(609, 7, 'B', 7, 'premium', '2026-02-09 15:12:15.900396'),
(610, 7, 'B', 8, 'premium', '2026-02-09 15:12:15.900396'),
(611, 7, 'B', 9, 'premium', '2026-02-09 15:12:15.900396'),
(612, 7, 'B', 10, 'premium', '2026-02-09 15:12:15.900396'),
(613, 7, 'B', 11, 'premium', '2026-02-09 15:12:15.900396'),
(614, 7, 'B', 12, 'premium', '2026-02-09 15:12:15.900396'),
(615, 7, 'B', 13, 'premium', '2026-02-09 15:12:15.900396'),
(616, 7, 'B', 14, 'premium', '2026-02-09 15:12:15.900396'),
(617, 7, 'C', 1, 'regular', '2026-02-09 15:12:15.900396'),
(618, 7, 'C', 2, 'regular', '2026-02-09 15:12:15.900396'),
(619, 7, 'C', 3, 'regular', '2026-02-09 15:12:15.900396'),
(620, 7, 'C', 4, 'regular', '2026-02-09 15:12:15.900396'),
(621, 7, 'C', 5, 'regular', '2026-02-09 15:12:15.900396'),
(622, 7, 'C', 6, 'regular', '2026-02-09 15:12:15.900396'),
(623, 7, 'C', 7, 'regular', '2026-02-09 15:12:15.900396'),
(624, 7, 'C', 8, 'regular', '2026-02-09 15:12:15.900396'),
(625, 7, 'C', 9, 'regular', '2026-02-09 15:12:15.900396'),
(626, 7, 'C', 10, 'regular', '2026-02-09 15:12:15.900396'),
(627, 7, 'C', 11, 'regular', '2026-02-09 15:12:15.900396'),
(628, 7, 'C', 12, 'regular', '2026-02-09 15:12:15.900396'),
(629, 7, 'C', 13, 'regular', '2026-02-09 15:12:15.900396'),
(630, 7, 'C', 14, 'regular', '2026-02-09 15:12:15.900396'),
(631, 7, 'D', 1, 'regular', '2026-02-09 15:12:15.900396'),
(632, 7, 'D', 2, 'regular', '2026-02-09 15:12:15.900396'),
(633, 7, 'D', 3, 'regular', '2026-02-09 15:12:15.900396'),
(634, 7, 'D', 4, 'regular', '2026-02-09 15:12:15.900396'),
(635, 7, 'D', 5, 'regular', '2026-02-09 15:12:15.900396'),
(636, 7, 'D', 6, 'regular', '2026-02-09 15:12:15.900396'),
(637, 7, 'D', 7, 'regular', '2026-02-09 15:12:15.900396'),
(638, 7, 'D', 8, 'regular', '2026-02-09 15:12:15.900396'),
(639, 7, 'D', 9, 'regular', '2026-02-09 15:12:15.900396'),
(640, 7, 'D', 10, 'regular', '2026-02-09 15:12:15.900396'),
(641, 7, 'D', 11, 'regular', '2026-02-09 15:12:15.900396'),
(642, 7, 'D', 12, 'regular', '2026-02-09 15:12:15.900396'),
(643, 7, 'D', 13, 'regular', '2026-02-09 15:12:15.900396'),
(644, 7, 'D', 14, 'regular', '2026-02-09 15:12:15.900396'),
(645, 7, 'E', 1, 'regular', '2026-02-09 15:12:15.900396'),
(646, 7, 'E', 2, 'regular', '2026-02-09 15:12:15.900396'),
(647, 7, 'E', 3, 'regular', '2026-02-09 15:12:15.900396'),
(648, 7, 'E', 4, 'regular', '2026-02-09 15:12:15.900396'),
(649, 7, 'E', 5, 'regular', '2026-02-09 15:12:15.900396'),
(650, 7, 'E', 6, 'regular', '2026-02-09 15:12:15.900396'),
(651, 7, 'E', 7, 'regular', '2026-02-09 15:12:15.900396'),
(652, 7, 'E', 8, 'regular', '2026-02-09 15:12:15.900396'),
(653, 7, 'E', 9, 'regular', '2026-02-09 15:12:15.900396'),
(654, 7, 'E', 10, 'regular', '2026-02-09 15:12:15.900396'),
(655, 7, 'E', 11, 'regular', '2026-02-09 15:12:15.900396'),
(656, 7, 'E', 12, 'regular', '2026-02-09 15:12:15.900396'),
(657, 7, 'E', 13, 'regular', '2026-02-09 15:12:15.900396'),
(658, 7, 'E', 14, 'regular', '2026-02-09 15:12:15.900396'),
(659, 7, 'F', 1, 'regular', '2026-02-09 15:12:15.900396'),
(660, 7, 'F', 2, 'regular', '2026-02-09 15:12:15.900396'),
(661, 7, 'F', 3, 'regular', '2026-02-09 15:12:15.900396'),
(662, 7, 'F', 4, 'regular', '2026-02-09 15:12:15.900396'),
(663, 7, 'F', 5, 'regular', '2026-02-09 15:12:15.900396'),
(664, 7, 'F', 6, 'regular', '2026-02-09 15:12:15.900396'),
(665, 7, 'F', 7, 'regular', '2026-02-09 15:12:15.900396'),
(666, 7, 'F', 8, 'regular', '2026-02-09 15:12:15.900396'),
(667, 7, 'F', 9, 'regular', '2026-02-09 15:12:15.900396'),
(668, 7, 'F', 10, 'regular', '2026-02-09 15:12:15.900396'),
(669, 7, 'F', 11, 'regular', '2026-02-09 15:12:15.900396'),
(670, 7, 'F', 12, 'regular', '2026-02-09 15:12:15.900396'),
(671, 7, 'F', 13, 'regular', '2026-02-09 15:12:15.900396'),
(672, 7, 'F', 14, 'regular', '2026-02-09 15:12:15.900396'),
(673, 7, 'G', 1, 'love_nest', '2026-02-09 15:12:15.900396'),
(674, 7, 'G', 2, 'love_nest', '2026-02-09 15:12:15.900396'),
(675, 7, 'G', 3, 'regular', '2026-02-09 15:12:15.900396'),
(676, 7, 'G', 4, 'regular', '2026-02-09 15:12:15.900396'),
(677, 7, 'G', 5, 'regular', '2026-02-09 15:12:15.900396'),
(678, 7, 'G', 6, 'regular', '2026-02-09 15:12:15.900396'),
(679, 7, 'G', 7, 'regular', '2026-02-09 15:12:15.900396'),
(680, 7, 'G', 8, 'regular', '2026-02-09 15:12:15.900396'),
(681, 7, 'G', 9, 'regular', '2026-02-09 15:12:15.900396'),
(682, 7, 'G', 10, 'regular', '2026-02-09 15:12:15.900396'),
(683, 7, 'G', 11, 'regular', '2026-02-09 15:12:15.900396'),
(684, 7, 'G', 12, 'regular', '2026-02-09 15:12:15.900396'),
(685, 7, 'G', 13, 'love_nest', '2026-02-09 15:12:15.900396'),
(686, 7, 'G', 14, 'love_nest', '2026-02-09 15:12:15.900396'),
(687, 8, 'A', 1, 'premium', '2026-02-09 15:12:15.900396'),
(688, 8, 'A', 2, 'premium', '2026-02-09 15:12:15.900396'),
(689, 8, 'A', 3, 'premium', '2026-02-09 15:12:15.900396'),
(690, 8, 'A', 4, 'premium', '2026-02-09 15:12:15.900396'),
(691, 8, 'A', 5, 'premium', '2026-02-09 15:12:15.900396'),
(692, 8, 'A', 6, 'premium', '2026-02-09 15:12:15.900396'),
(693, 8, 'A', 7, 'premium', '2026-02-09 15:12:15.900396'),
(694, 8, 'A', 8, 'premium', '2026-02-09 15:12:15.900396'),
(695, 8, 'A', 9, 'premium', '2026-02-09 15:12:15.900396'),
(696, 8, 'A', 10, 'premium', '2026-02-09 15:12:15.900396'),
(697, 8, 'A', 11, 'premium', '2026-02-09 15:12:15.900396'),
(698, 8, 'A', 12, 'premium', '2026-02-09 15:12:15.900396'),
(699, 8, 'A', 13, 'premium', '2026-02-09 15:12:15.900396'),
(700, 8, 'A', 14, 'premium', '2026-02-09 15:12:15.900396'),
(701, 8, 'B', 1, 'premium', '2026-02-09 15:12:15.900396'),
(702, 8, 'B', 2, 'premium', '2026-02-09 15:12:15.900396'),
(703, 8, 'B', 3, 'premium', '2026-02-09 15:12:15.900396'),
(704, 8, 'B', 4, 'premium', '2026-02-09 15:12:15.900396'),
(705, 8, 'B', 5, 'premium', '2026-02-09 15:12:15.900396'),
(706, 8, 'B', 6, 'premium', '2026-02-09 15:12:15.900396'),
(707, 8, 'B', 7, 'premium', '2026-02-09 15:12:15.900396'),
(708, 8, 'B', 8, 'premium', '2026-02-09 15:12:15.900396'),
(709, 8, 'B', 9, 'premium', '2026-02-09 15:12:15.900396'),
(710, 8, 'B', 10, 'premium', '2026-02-09 15:12:15.900396'),
(711, 8, 'B', 11, 'premium', '2026-02-09 15:12:15.900396'),
(712, 8, 'B', 12, 'premium', '2026-02-09 15:12:15.900396'),
(713, 8, 'B', 13, 'premium', '2026-02-09 15:12:15.900396'),
(714, 8, 'B', 14, 'premium', '2026-02-09 15:12:15.900396'),
(715, 8, 'C', 1, 'regular', '2026-02-09 15:12:15.900396'),
(716, 8, 'C', 2, 'regular', '2026-02-09 15:12:15.900396'),
(717, 8, 'C', 3, 'regular', '2026-02-09 15:12:15.900396'),
(718, 8, 'C', 4, 'regular', '2026-02-09 15:12:15.900396'),
(719, 8, 'C', 5, 'regular', '2026-02-09 15:12:15.900396'),
(720, 8, 'C', 6, 'regular', '2026-02-09 15:12:15.900396'),
(721, 8, 'C', 7, 'regular', '2026-02-09 15:12:15.900396'),
(722, 8, 'C', 8, 'regular', '2026-02-09 15:12:15.900396'),
(723, 8, 'C', 9, 'regular', '2026-02-09 15:12:15.900396'),
(724, 8, 'C', 10, 'regular', '2026-02-09 15:12:15.900396'),
(725, 8, 'C', 11, 'regular', '2026-02-09 15:12:15.900396'),
(726, 8, 'C', 12, 'regular', '2026-02-09 15:12:15.900396'),
(727, 8, 'C', 13, 'regular', '2026-02-09 15:12:15.900396'),
(728, 8, 'C', 14, 'regular', '2026-02-09 15:12:15.900396'),
(729, 8, 'D', 1, 'regular', '2026-02-09 15:12:15.900396'),
(730, 8, 'D', 2, 'regular', '2026-02-09 15:12:15.900396'),
(731, 8, 'D', 3, 'regular', '2026-02-09 15:12:15.900396'),
(732, 8, 'D', 4, 'regular', '2026-02-09 15:12:15.900396'),
(733, 8, 'D', 5, 'regular', '2026-02-09 15:12:15.900396'),
(734, 8, 'D', 6, 'regular', '2026-02-09 15:12:15.900396'),
(735, 8, 'D', 7, 'regular', '2026-02-09 15:12:15.900396'),
(736, 8, 'D', 8, 'regular', '2026-02-09 15:12:15.900396'),
(737, 8, 'D', 9, 'regular', '2026-02-09 15:12:15.900396'),
(738, 8, 'D', 10, 'regular', '2026-02-09 15:12:15.900396'),
(739, 8, 'D', 11, 'regular', '2026-02-09 15:12:15.900396'),
(740, 8, 'D', 12, 'regular', '2026-02-09 15:12:15.900396'),
(741, 8, 'D', 13, 'regular', '2026-02-09 15:12:15.900396'),
(742, 8, 'D', 14, 'regular', '2026-02-09 15:12:15.900396'),
(743, 8, 'E', 1, 'regular', '2026-02-09 15:12:15.900396'),
(744, 8, 'E', 2, 'regular', '2026-02-09 15:12:15.900396'),
(745, 8, 'E', 3, 'regular', '2026-02-09 15:12:15.900396'),
(746, 8, 'E', 4, 'regular', '2026-02-09 15:12:15.900396'),
(747, 8, 'E', 5, 'regular', '2026-02-09 15:12:15.900396'),
(748, 8, 'E', 6, 'regular', '2026-02-09 15:12:15.900396'),
(749, 8, 'E', 7, 'regular', '2026-02-09 15:12:15.900396'),
(750, 8, 'E', 8, 'regular', '2026-02-09 15:12:15.900396'),
(751, 8, 'E', 9, 'regular', '2026-02-09 15:12:15.900396'),
(752, 8, 'E', 10, 'regular', '2026-02-09 15:12:15.900396'),
(753, 8, 'E', 11, 'regular', '2026-02-09 15:12:15.900396'),
(754, 8, 'E', 12, 'regular', '2026-02-09 15:12:15.900396'),
(755, 8, 'E', 13, 'regular', '2026-02-09 15:12:15.900396'),
(756, 8, 'E', 14, 'regular', '2026-02-09 15:12:15.900396'),
(757, 8, 'F', 1, 'regular', '2026-02-09 15:12:15.900396'),
(758, 8, 'F', 2, 'regular', '2026-02-09 15:12:15.900396'),
(759, 8, 'F', 3, 'regular', '2026-02-09 15:12:15.900396'),
(760, 8, 'F', 4, 'regular', '2026-02-09 15:12:15.900396'),
(761, 8, 'F', 5, 'regular', '2026-02-09 15:12:15.900396'),
(762, 8, 'F', 6, 'regular', '2026-02-09 15:12:15.900396'),
(763, 8, 'F', 7, 'regular', '2026-02-09 15:12:15.900396'),
(764, 8, 'F', 8, 'regular', '2026-02-09 15:12:15.900396'),
(765, 8, 'F', 9, 'regular', '2026-02-09 15:12:15.900396'),
(766, 8, 'F', 10, 'regular', '2026-02-09 15:12:15.900396'),
(767, 8, 'F', 11, 'regular', '2026-02-09 15:12:15.900396'),
(768, 8, 'F', 12, 'regular', '2026-02-09 15:12:15.900396'),
(769, 8, 'F', 13, 'regular', '2026-02-09 15:12:15.900396'),
(770, 8, 'F', 14, 'regular', '2026-02-09 15:12:15.900396'),
(771, 8, 'G', 1, 'love_nest', '2026-02-09 15:12:15.900396'),
(772, 8, 'G', 2, 'love_nest', '2026-02-09 15:12:15.900396'),
(773, 8, 'G', 3, 'regular', '2026-02-09 15:12:15.900396'),
(774, 8, 'G', 4, 'regular', '2026-02-09 15:12:15.900396'),
(775, 8, 'G', 5, 'regular', '2026-02-09 15:12:15.900396'),
(776, 8, 'G', 6, 'regular', '2026-02-09 15:12:15.900396'),
(777, 8, 'G', 7, 'love_nest', '2026-02-09 15:12:15.900396'),
(778, 8, 'G', 8, 'love_nest', '2026-02-09 15:12:15.900396'),
(779, 8, 'G', 9, 'regular', '2026-02-09 15:12:15.900396'),
(780, 8, 'G', 10, 'regular', '2026-02-09 15:12:15.900396'),
(781, 8, 'G', 11, 'regular', '2026-02-09 15:12:15.900396'),
(782, 8, 'G', 12, 'regular', '2026-02-09 15:12:15.900396'),
(783, 8, 'G', 13, 'love_nest', '2026-02-09 15:12:15.900396'),
(784, 8, 'G', 14, 'love_nest', '2026-02-09 15:12:15.900396'),
(785, 9, 'A', 1, 'premium', '2026-02-09 15:12:15.900396'),
(786, 9, 'A', 2, 'premium', '2026-02-09 15:12:15.900396'),
(787, 9, 'A', 3, 'premium', '2026-02-09 15:12:15.900396'),
(788, 9, 'A', 4, 'premium', '2026-02-09 15:12:15.900396'),
(789, 9, 'A', 5, 'premium', '2026-02-09 15:12:15.900396'),
(790, 9, 'A', 6, 'premium', '2026-02-09 15:12:15.900396'),
(791, 9, 'A', 7, 'premium', '2026-02-09 15:12:15.900396'),
(792, 9, 'A', 8, 'premium', '2026-02-09 15:12:15.900396'),
(793, 9, 'A', 9, 'premium', '2026-02-09 15:12:15.900396'),
(794, 9, 'A', 10, 'premium', '2026-02-09 15:12:15.900396'),
(795, 9, 'A', 11, 'premium', '2026-02-09 15:12:15.900396'),
(796, 9, 'A', 12, 'premium', '2026-02-09 15:12:15.900396'),
(797, 9, 'A', 13, 'premium', '2026-02-09 15:12:15.900396'),
(798, 9, 'A', 14, 'premium', '2026-02-09 15:12:15.900396'),
(799, 9, 'B', 1, 'premium', '2026-02-09 15:12:15.900396'),
(800, 9, 'B', 2, 'premium', '2026-02-09 15:12:15.900396'),
(801, 9, 'B', 3, 'premium', '2026-02-09 15:12:15.900396'),
(802, 9, 'B', 4, 'premium', '2026-02-09 15:12:15.900396'),
(803, 9, 'B', 5, 'premium', '2026-02-09 15:12:15.900396'),
(804, 9, 'B', 6, 'premium', '2026-02-09 15:12:15.900396'),
(805, 9, 'B', 7, 'premium', '2026-02-09 15:12:15.900396'),
(806, 9, 'B', 8, 'premium', '2026-02-09 15:12:15.900396'),
(807, 9, 'B', 9, 'premium', '2026-02-09 15:12:15.900396'),
(808, 9, 'B', 10, 'premium', '2026-02-09 15:12:15.900396'),
(809, 9, 'B', 11, 'premium', '2026-02-09 15:12:15.900396'),
(810, 9, 'B', 12, 'premium', '2026-02-09 15:12:15.900396'),
(811, 9, 'B', 13, 'premium', '2026-02-09 15:12:15.900396'),
(812, 9, 'B', 14, 'premium', '2026-02-09 15:12:15.900396'),
(813, 9, 'C', 1, 'regular', '2026-02-09 15:12:15.900396'),
(814, 9, 'C', 2, 'regular', '2026-02-09 15:12:15.900396'),
(815, 9, 'C', 3, 'regular', '2026-02-09 15:12:15.900396'),
(816, 9, 'C', 4, 'regular', '2026-02-09 15:12:15.900396'),
(817, 9, 'C', 5, 'regular', '2026-02-09 15:12:15.900396'),
(818, 9, 'C', 6, 'regular', '2026-02-09 15:12:15.900396'),
(819, 9, 'C', 7, 'regular', '2026-02-09 15:12:15.900396'),
(820, 9, 'C', 8, 'regular', '2026-02-09 15:12:15.900396'),
(821, 9, 'C', 9, 'regular', '2026-02-09 15:12:15.900396'),
(822, 9, 'C', 10, 'regular', '2026-02-09 15:12:15.900396'),
(823, 9, 'C', 11, 'regular', '2026-02-09 15:12:15.900396'),
(824, 9, 'C', 12, 'regular', '2026-02-09 15:12:15.900396'),
(825, 9, 'C', 13, 'regular', '2026-02-09 15:12:15.900396'),
(826, 9, 'C', 14, 'regular', '2026-02-09 15:12:15.900396'),
(827, 9, 'D', 1, 'regular', '2026-02-09 15:12:15.900396'),
(828, 9, 'D', 2, 'regular', '2026-02-09 15:12:15.900396'),
(829, 9, 'D', 3, 'regular', '2026-02-09 15:12:15.900396'),
(830, 9, 'D', 4, 'regular', '2026-02-09 15:12:15.900396'),
(831, 9, 'D', 5, 'regular', '2026-02-09 15:12:15.900396'),
(832, 9, 'D', 6, 'regular', '2026-02-09 15:12:15.900396'),
(833, 9, 'D', 7, 'regular', '2026-02-09 15:12:15.900396'),
(834, 9, 'D', 8, 'regular', '2026-02-09 15:12:15.900396'),
(835, 9, 'D', 9, 'regular', '2026-02-09 15:12:15.900396'),
(836, 9, 'D', 10, 'regular', '2026-02-09 15:12:15.900396'),
(837, 9, 'D', 11, 'regular', '2026-02-09 15:12:15.900396'),
(838, 9, 'D', 12, 'regular', '2026-02-09 15:12:15.900396'),
(839, 9, 'D', 13, 'regular', '2026-02-09 15:12:15.900396'),
(840, 9, 'D', 14, 'regular', '2026-02-09 15:12:15.900396'),
(841, 9, 'E', 1, 'regular', '2026-02-09 15:12:15.900396'),
(842, 9, 'E', 2, 'regular', '2026-02-09 15:12:15.900396'),
(843, 9, 'E', 3, 'regular', '2026-02-09 15:12:15.900396'),
(844, 9, 'E', 4, 'regular', '2026-02-09 15:12:15.900396'),
(845, 9, 'E', 5, 'regular', '2026-02-09 15:12:15.900396'),
(846, 9, 'E', 6, 'regular', '2026-02-09 15:12:15.900396'),
(847, 9, 'E', 7, 'regular', '2026-02-09 15:12:15.900396'),
(848, 9, 'E', 8, 'regular', '2026-02-09 15:12:15.900396'),
(849, 9, 'E', 9, 'regular', '2026-02-09 15:12:15.900396'),
(850, 9, 'E', 10, 'regular', '2026-02-09 15:12:15.900396'),
(851, 9, 'E', 11, 'regular', '2026-02-09 15:12:15.900396'),
(852, 9, 'E', 12, 'regular', '2026-02-09 15:12:15.900396'),
(853, 9, 'E', 13, 'regular', '2026-02-09 15:12:15.900396'),
(854, 9, 'E', 14, 'regular', '2026-02-09 15:12:15.900396'),
(855, 9, 'F', 1, 'regular', '2026-02-09 15:12:15.900396'),
(856, 9, 'F', 2, 'regular', '2026-02-09 15:12:15.900396'),
(857, 9, 'F', 3, 'regular', '2026-02-09 15:12:15.900396'),
(858, 9, 'F', 4, 'regular', '2026-02-09 15:12:15.900396'),
(859, 9, 'F', 5, 'regular', '2026-02-09 15:12:15.900396'),
(860, 9, 'F', 6, 'regular', '2026-02-09 15:12:15.900396'),
(861, 9, 'F', 7, 'regular', '2026-02-09 15:12:15.900396'),
(862, 9, 'F', 8, 'regular', '2026-02-09 15:12:15.900396'),
(863, 9, 'F', 9, 'regular', '2026-02-09 15:12:15.900396'),
(864, 9, 'F', 10, 'regular', '2026-02-09 15:12:15.900396'),
(865, 9, 'F', 11, 'regular', '2026-02-09 15:12:15.900396'),
(866, 9, 'F', 12, 'regular', '2026-02-09 15:12:15.900396'),
(867, 9, 'F', 13, 'regular', '2026-02-09 15:12:15.900396'),
(868, 9, 'F', 14, 'regular', '2026-02-09 15:12:15.900396'),
(869, 9, 'G', 1, 'love_nest', '2026-02-09 15:12:15.900396'),
(870, 9, 'G', 2, 'love_nest', '2026-02-09 15:12:15.900396'),
(871, 9, 'G', 3, 'regular', '2026-02-09 15:12:15.900396'),
(872, 9, 'G', 4, 'regular', '2026-02-09 15:12:15.900396'),
(873, 9, 'G', 5, 'regular', '2026-02-09 15:12:15.900396'),
(874, 9, 'G', 6, 'regular', '2026-02-09 15:12:15.900396'),
(875, 9, 'G', 7, 'regular', '2026-02-09 15:12:15.900396'),
(876, 9, 'G', 8, 'regular', '2026-02-09 15:12:15.900396'),
(877, 9, 'G', 9, 'regular', '2026-02-09 15:12:15.900396'),
(878, 9, 'G', 10, 'regular', '2026-02-09 15:12:15.900396'),
(879, 9, 'G', 11, 'regular', '2026-02-09 15:12:15.900396'),
(880, 9, 'G', 12, 'regular', '2026-02-09 15:12:15.900396'),
(881, 9, 'G', 13, 'love_nest', '2026-02-09 15:12:15.900396'),
(882, 9, 'G', 14, 'love_nest', '2026-02-09 15:12:15.900396'),
(883, 10, 'A', 1, 'premium', '2026-02-09 15:12:15.900396'),
(884, 10, 'A', 2, 'premium', '2026-02-09 15:12:15.900396'),
(885, 10, 'A', 3, 'premium', '2026-02-09 15:12:15.900396'),
(886, 10, 'A', 4, 'premium', '2026-02-09 15:12:15.900396'),
(887, 10, 'A', 5, 'premium', '2026-02-09 15:12:15.900396'),
(888, 10, 'A', 6, 'premium', '2026-02-09 15:12:15.900396'),
(889, 10, 'A', 7, 'premium', '2026-02-09 15:12:15.900396'),
(890, 10, 'A', 8, 'premium', '2026-02-09 15:12:15.900396'),
(891, 10, 'A', 9, 'premium', '2026-02-09 15:12:15.900396'),
(892, 10, 'A', 10, 'premium', '2026-02-09 15:12:15.900396'),
(893, 10, 'A', 11, 'premium', '2026-02-09 15:12:15.900396'),
(894, 10, 'A', 12, 'premium', '2026-02-09 15:12:15.900396'),
(895, 10, 'A', 13, 'premium', '2026-02-09 15:12:15.900396'),
(896, 10, 'A', 14, 'premium', '2026-02-09 15:12:15.900396'),
(897, 10, 'B', 1, 'premium', '2026-02-09 15:12:15.900396'),
(898, 10, 'B', 2, 'premium', '2026-02-09 15:12:15.900396'),
(899, 10, 'B', 3, 'premium', '2026-02-09 15:12:15.900396'),
(900, 10, 'B', 4, 'premium', '2026-02-09 15:12:15.900396'),
(901, 10, 'B', 5, 'premium', '2026-02-09 15:12:15.900396'),
(902, 10, 'B', 6, 'premium', '2026-02-09 15:12:15.900396'),
(903, 10, 'B', 7, 'premium', '2026-02-09 15:12:15.900396'),
(904, 10, 'B', 8, 'premium', '2026-02-09 15:12:15.900396'),
(905, 10, 'B', 9, 'premium', '2026-02-09 15:12:15.900396'),
(906, 10, 'B', 10, 'premium', '2026-02-09 15:12:15.900396'),
(907, 10, 'B', 11, 'premium', '2026-02-09 15:12:15.900396'),
(908, 10, 'B', 12, 'premium', '2026-02-09 15:12:15.900396'),
(909, 10, 'B', 13, 'premium', '2026-02-09 15:12:15.900396'),
(910, 10, 'B', 14, 'premium', '2026-02-09 15:12:15.900396'),
(911, 10, 'C', 1, 'regular', '2026-02-09 15:12:15.900396'),
(912, 10, 'C', 2, 'regular', '2026-02-09 15:12:15.900396'),
(913, 10, 'C', 3, 'regular', '2026-02-09 15:12:15.900396'),
(914, 10, 'C', 4, 'regular', '2026-02-09 15:12:15.900396'),
(915, 10, 'C', 5, 'regular', '2026-02-09 15:12:15.900396'),
(916, 10, 'C', 6, 'regular', '2026-02-09 15:12:15.900396'),
(917, 10, 'C', 7, 'regular', '2026-02-09 15:12:15.900396'),
(918, 10, 'C', 8, 'regular', '2026-02-09 15:12:15.900396'),
(919, 10, 'C', 9, 'regular', '2026-02-09 15:12:15.900396'),
(920, 10, 'C', 10, 'regular', '2026-02-09 15:12:15.900396'),
(921, 10, 'C', 11, 'regular', '2026-02-09 15:12:15.900396'),
(922, 10, 'C', 12, 'regular', '2026-02-09 15:12:15.900396'),
(923, 10, 'C', 13, 'regular', '2026-02-09 15:12:15.900396'),
(924, 10, 'C', 14, 'regular', '2026-02-09 15:12:15.900396'),
(925, 10, 'D', 1, 'regular', '2026-02-09 15:12:15.900396'),
(926, 10, 'D', 2, 'regular', '2026-02-09 15:12:15.900396'),
(927, 10, 'D', 3, 'regular', '2026-02-09 15:12:15.900396'),
(928, 10, 'D', 4, 'regular', '2026-02-09 15:12:15.900396'),
(929, 10, 'D', 5, 'regular', '2026-02-09 15:12:15.900396'),
(930, 10, 'D', 6, 'regular', '2026-02-09 15:12:15.900396'),
(931, 10, 'D', 7, 'regular', '2026-02-09 15:12:15.900396'),
(932, 10, 'D', 8, 'regular', '2026-02-09 15:12:15.900396'),
(933, 10, 'D', 9, 'regular', '2026-02-09 15:12:15.900396'),
(934, 10, 'D', 10, 'regular', '2026-02-09 15:12:15.900396'),
(935, 10, 'D', 11, 'regular', '2026-02-09 15:12:15.900396'),
(936, 10, 'D', 12, 'regular', '2026-02-09 15:12:15.900396'),
(937, 10, 'D', 13, 'regular', '2026-02-09 15:12:15.900396'),
(938, 10, 'D', 14, 'regular', '2026-02-09 15:12:15.900396'),
(939, 10, 'E', 1, 'regular', '2026-02-09 15:12:15.900396'),
(940, 10, 'E', 2, 'regular', '2026-02-09 15:12:15.900396'),
(941, 10, 'E', 3, 'regular', '2026-02-09 15:12:15.900396'),
(942, 10, 'E', 4, 'regular', '2026-02-09 15:12:15.900396'),
(943, 10, 'E', 5, 'regular', '2026-02-09 15:12:15.900396'),
(944, 10, 'E', 6, 'regular', '2026-02-09 15:12:15.900396'),
(945, 10, 'E', 7, 'regular', '2026-02-09 15:12:15.900396'),
(946, 10, 'E', 8, 'regular', '2026-02-09 15:12:15.900396'),
(947, 10, 'E', 9, 'regular', '2026-02-09 15:12:15.900396'),
(948, 10, 'E', 10, 'regular', '2026-02-09 15:12:15.900396'),
(949, 10, 'E', 11, 'regular', '2026-02-09 15:12:15.900396'),
(950, 10, 'E', 12, 'regular', '2026-02-09 15:12:15.900396'),
(951, 10, 'E', 13, 'regular', '2026-02-09 15:12:15.900396'),
(952, 10, 'E', 14, 'regular', '2026-02-09 15:12:15.900396'),
(953, 10, 'F', 1, 'regular', '2026-02-09 15:12:15.900396'),
(954, 10, 'F', 2, 'regular', '2026-02-09 15:12:15.900396'),
(955, 10, 'F', 3, 'regular', '2026-02-09 15:12:15.900396'),
(956, 10, 'F', 4, 'regular', '2026-02-09 15:12:15.900396'),
(957, 10, 'F', 5, 'regular', '2026-02-09 15:12:15.900396'),
(958, 10, 'F', 6, 'regular', '2026-02-09 15:12:15.900396'),
(959, 10, 'F', 7, 'regular', '2026-02-09 15:12:15.900396'),
(960, 10, 'F', 8, 'regular', '2026-02-09 15:12:15.900396'),
(961, 10, 'F', 9, 'regular', '2026-02-09 15:12:15.900396'),
(962, 10, 'F', 10, 'regular', '2026-02-09 15:12:15.900396'),
(963, 10, 'F', 11, 'regular', '2026-02-09 15:12:15.900396'),
(964, 10, 'F', 12, 'regular', '2026-02-09 15:12:15.900396'),
(965, 10, 'F', 13, 'regular', '2026-02-09 15:12:15.900396'),
(966, 10, 'F', 14, 'regular', '2026-02-09 15:12:15.900396'),
(967, 10, 'G', 1, 'love_nest', '2026-02-09 15:12:15.900396'),
(968, 10, 'G', 2, 'love_nest', '2026-02-09 15:12:15.900396'),
(969, 10, 'G', 3, 'regular', '2026-02-09 15:12:15.900396'),
(970, 10, 'G', 4, 'regular', '2026-02-09 15:12:15.900396'),
(971, 10, 'G', 5, 'regular', '2026-02-09 15:12:15.900396'),
(972, 10, 'G', 6, 'regular', '2026-02-09 15:12:15.900396'),
(973, 10, 'G', 7, 'love_nest', '2026-02-09 15:12:15.900396'),
(974, 10, 'G', 8, 'love_nest', '2026-02-09 15:12:15.900396'),
(975, 10, 'G', 9, 'regular', '2026-02-09 15:12:15.900396'),
(976, 10, 'G', 10, 'regular', '2026-02-09 15:12:15.900396'),
(977, 10, 'G', 11, 'regular', '2026-02-09 15:12:15.900396'),
(978, 10, 'G', 12, 'regular', '2026-02-09 15:12:15.900396'),
(979, 10, 'G', 13, 'love_nest', '2026-02-09 15:12:15.900396'),
(980, 10, 'G', 14, 'love_nest', '2026-02-09 15:12:15.900396');



--
-- Data for Name: subscribers; Type: TABLE DATA; Schema: public; Owner: superuser
--

INSERT INTO public.subscribers (id, first_name, email, created_at) VALUES
(1, 'Alex', 'alex@email.com', '2026-02-09 15:12:16.241505'),
(2, 'Maria', 'maria@email.com', '2026-02-09 15:12:16.241505'),
(3, 'Kevin', 'kevin@email.com', '2026-02-09 15:12:16.241505'),
(4, 'Sophie', 'sophie@email.com', '2026-02-09 15:12:16.241505'),
(5, 'Daniel', 'daniel@email.com', '2026-02-09 15:12:16.241505'),
(6, 'Rachel', 'rachel@email.com', '2026-02-09 15:12:16.241505'),
(7, 'Thomas', 'thomas@email.com', '2026-02-09 15:12:16.241505'),
(8, 'Jessica', 'jessica@email.com', '2026-02-09 15:12:16.241505'),
(9, 'Andrew', 'andrew@email.com', '2026-02-09 15:12:16.241505'),
(10, 'Olivia', 'olivia@email.com', '2026-02-09 15:12:16.241505');



--
-- Data for Name: users; Type: TABLE DATA; Schema: public; Owner: superuser
--

INSERT INTO public.users (id, email, password, first_name, last_name, phone_number, profile_image, loyalty_points, role, created_at, updated_at) VALUES
(1, 'john.doe@email.com', '$2a$10$abcdefghijklmnopqrstuvwxyz1234567890', 'John', 'Doe', '+6281234567890', 'https://i.pravatar.cc/150?img=1', 150, 'user', '2026-02-09 15:12:14.931142', '2026-02-09 15:12:14.931142'),
(2, 'jane.smith@email.com', '$2a$10$abcdefghijklmnopqrstuvwxyz1234567891', 'Jane', 'Smith', '+6281234567891', 'https://i.pravatar.cc/150?img=2', 200, 'user', '2026-02-09 15:12:14.931142', '2026-02-09 15:12:14.931142'),
(3, 'admin@tickitz.com', '$2a$10$abcdefghijklmnopqrstuvwxyz1234567892', 'Admin', 'Tickitz', '+6281234567892', 'https://i.pravatar.cc/150?img=3', 0, 'admin', '2026-02-09 15:12:14.931142', '2026-02-09 15:12:14.931142'),
(4, 'michael.brown@email.com', '$2a$10$abcdefghijklmnopqrstuvwxyz1234567893', 'Michael', 'Brown', '+6281234567893', 'https://i.pravatar.cc/150?img=4', 300, 'user', '2026-02-09 15:12:14.931142', '2026-02-09 15:12:14.931142'),
(5, 'sarah.wilson@email.com', '$2a$10$abcdefghijklmnopqrstuvwxyz1234567894', 'Sarah', 'Wilson', '+6281234567894', 'https://i.pravatar.cc/150?img=5', 450, 'user', '2026-02-09 15:12:14.931142', '2026-02-09 15:12:14.931142'),
(7, 'admin@gmail.com', '$argon2id$v=19$m=65536,t=2,p=1$OF+cRO0rIA4A1QQG9YQb/w$Tc+FTtqBOEGkJqzUg+V6Nm9k1hkZ37Xdc7mpPHkF8oY', NULL, NULL, NULL, NULL, 0, 'admin', '2026-02-09 15:27:13.236427', '2026-02-09 15:27:13.236427'),
(6, 'bianalbaihaqi@gmail.com', '$argon2id$v=19$m=65536,t=2,p=1$bz64rAULDFdBTQiEau/z5w$+T3tViiVDqpJpEq73txm0k7kz0BWLJdHOzwp/HgS1Sg', 'Bian', 'Albaihaqi', 087727726316, NULL, 0, 'user', '2026-02-09 15:23:08.44439', '2026-02-09 15:35:41.364725'),
(8, 'test@gmail.com', '$argon2id$v=19$m=65536,t=2,p=1$/EQRCxxpul4cryqnDynbIA$rlGf2DFQcVfQFHYQJFrp++U/erj5SYBnJKUBQjLNuy4', NULL, NULL, NULL, NULL, 0, 'user', '2026-02-10 16:33:51.568976', '2026-02-10 16:33:51.568976');



--
-- Name: actors_id_seq; Type: SEQUENCE SET; Schema: public; Owner: superuser
--

SELECT pg_catalog.setval('public.actors_id_seq', 15, true);


--
-- Name: cinemas_id_seq; Type: SEQUENCE SET; Schema: public; Owner: superuser
--

SELECT pg_catalog.setval('public.cinemas_id_seq', 10, true);


--
-- Name: cities_id_seq; Type: SEQUENCE SET; Schema: public; Owner: superuser
--

SELECT pg_catalog.setval('public.cities_id_seq', 10, true);


--
-- Name: directors_id_seq; Type: SEQUENCE SET; Schema: public; Owner: superuser
--

SELECT pg_catalog.setval('public.directors_id_seq', 49, true);


--
-- Name: genres_id_seq; Type: SEQUENCE SET; Schema: public; Owner: superuser
--

SELECT pg_catalog.setval('public.genres_id_seq', 10, true);


--
-- Name: movies_id_seq; Type: SEQUENCE SET; Schema: public; Owner: superuser
--

SELECT pg_catalog.setval('public.movies_id_seq', 51, true);


--
-- Name: order_details_id_seq; Type: SEQUENCE SET; Schema: public; Owner: superuser
--

SELECT pg_catalog.setval('public.order_details_id_seq', 2, true);


--
-- Name: order_payments_id_seq; Type: SEQUENCE SET; Schema: public; Owner: superuser
--

SELECT pg_catalog.setval('public.order_payments_id_seq', 1, false);


--
-- Name: orders_id_seq; Type: SEQUENCE SET; Schema: public; Owner: superuser
--

SELECT pg_catalog.setval('public.orders_id_seq', 1, true);


--
-- Name: payment_methods_id_seq; Type: SEQUENCE SET; Schema: public; Owner: superuser
--

SELECT pg_catalog.setval('public.payment_methods_id_seq', 10, true);


--
-- Name: point_transactions_id_seq; Type: SEQUENCE SET; Schema: public; Owner: superuser
--

SELECT pg_catalog.setval('public.point_transactions_id_seq', 1, false);


--
-- Name: schedules_id_seq; Type: SEQUENCE SET; Schema: public; Owner: superuser
--

SELECT pg_catalog.setval('public.schedules_id_seq', 50, true);


--
-- Name: seats_id_seq; Type: SEQUENCE SET; Schema: public; Owner: superuser
--

SELECT pg_catalog.setval('public.seats_id_seq', 980, true);


--
-- Name: subscribers_id_seq; Type: SEQUENCE SET; Schema: public; Owner: superuser
--

SELECT pg_catalog.setval('public.subscribers_id_seq', 10, true);


--
-- Name: users_id_seq; Type: SEQUENCE SET; Schema: public; Owner: superuser
--

SELECT pg_catalog.setval('public.users_id_seq', 10, true);


--
-- Name: actors actors_pkey; Type: CONSTRAINT; Schema: public; Owner: superuser
--

ALTER TABLE ONLY public.actors
    ADD CONSTRAINT actors_pkey PRIMARY KEY (id);


--
-- Name: cinemas cinemas_pkey; Type: CONSTRAINT; Schema: public; Owner: superuser
--

ALTER TABLE ONLY public.cinemas
    ADD CONSTRAINT cinemas_pkey PRIMARY KEY (id);


--
-- Name: cities cities_name_key; Type: CONSTRAINT; Schema: public; Owner: superuser
--

ALTER TABLE ONLY public.cities
    ADD CONSTRAINT cities_name_key UNIQUE (name);


--
-- Name: cities cities_pkey; Type: CONSTRAINT; Schema: public; Owner: superuser
--

ALTER TABLE ONLY public.cities
    ADD CONSTRAINT cities_pkey PRIMARY KEY (id);


--
-- Name: directors directors_pkey; Type: CONSTRAINT; Schema: public; Owner: superuser
--

ALTER TABLE ONLY public.directors
    ADD CONSTRAINT directors_pkey PRIMARY KEY (id);


--
-- Name: genres genres_name_key; Type: CONSTRAINT; Schema: public; Owner: superuser
--

ALTER TABLE ONLY public.genres
    ADD CONSTRAINT genres_name_key UNIQUE (name);


--
-- Name: genres genres_pkey; Type: CONSTRAINT; Schema: public; Owner: superuser
--

ALTER TABLE ONLY public.genres
    ADD CONSTRAINT genres_pkey PRIMARY KEY (id);


--
-- Name: movie_casts movie_casts_pkey; Type: CONSTRAINT; Schema: public; Owner: superuser
--

ALTER TABLE ONLY public.movie_casts
    ADD CONSTRAINT movie_casts_pkey PRIMARY KEY (movie_id, actor_id);


--
-- Name: movie_genres movie_genres_pkey; Type: CONSTRAINT; Schema: public; Owner: superuser
--

ALTER TABLE ONLY public.movie_genres
    ADD CONSTRAINT movie_genres_pkey PRIMARY KEY (movie_id, genre_id);


--
-- Name: movies movies_pkey; Type: CONSTRAINT; Schema: public; Owner: superuser
--

ALTER TABLE ONLY public.movies
    ADD CONSTRAINT movies_pkey PRIMARY KEY (id);


--
-- Name: order_details order_details_pkey; Type: CONSTRAINT; Schema: public; Owner: superuser
--

ALTER TABLE ONLY public.order_details
    ADD CONSTRAINT order_details_pkey PRIMARY KEY (id);


--
-- Name: order_payments order_payments_pkey; Type: CONSTRAINT; Schema: public; Owner: superuser
--

ALTER TABLE ONLY public.order_payments
    ADD CONSTRAINT order_payments_pkey PRIMARY KEY (id);


--
-- Name: orders orders_booking_code_key; Type: CONSTRAINT; Schema: public; Owner: superuser
--

ALTER TABLE ONLY public.orders
    ADD CONSTRAINT orders_booking_code_key UNIQUE (booking_code);


--
-- Name: orders orders_pkey; Type: CONSTRAINT; Schema: public; Owner: superuser
--

ALTER TABLE ONLY public.orders
    ADD CONSTRAINT orders_pkey PRIMARY KEY (id);


--
-- Name: payment_methods payment_methods_pkey; Type: CONSTRAINT; Schema: public; Owner: superuser
--

ALTER TABLE ONLY public.payment_methods
    ADD CONSTRAINT payment_methods_pkey PRIMARY KEY (id);


--
-- Name: point_transactions point_transactions_pkey; Type: CONSTRAINT; Schema: public; Owner: superuser
--

ALTER TABLE ONLY public.point_transactions
    ADD CONSTRAINT point_transactions_pkey PRIMARY KEY (id);


--
-- Name: schedules schedules_pkey; Type: CONSTRAINT; Schema: public; Owner: superuser
--

ALTER TABLE ONLY public.schedules
    ADD CONSTRAINT schedules_pkey PRIMARY KEY (id);


--
-- Name: seats seats_pkey; Type: CONSTRAINT; Schema: public; Owner: superuser
--

ALTER TABLE ONLY public.seats
    ADD CONSTRAINT seats_pkey PRIMARY KEY (id);


--
-- Name: subscribers subscribers_email_key; Type: CONSTRAINT; Schema: public; Owner: superuser
--

ALTER TABLE ONLY public.subscribers
    ADD CONSTRAINT subscribers_email_key UNIQUE (email);


--
-- Name: subscribers subscribers_pkey; Type: CONSTRAINT; Schema: public; Owner: superuser
--

ALTER TABLE ONLY public.subscribers
    ADD CONSTRAINT subscribers_pkey PRIMARY KEY (id);


--
-- Name: users users_email_key; Type: CONSTRAINT; Schema: public; Owner: superuser
--

ALTER TABLE ONLY public.users
    ADD CONSTRAINT users_email_key UNIQUE (email);


--
-- Name: users users_pkey; Type: CONSTRAINT; Schema: public; Owner: superuser
--

ALTER TABLE ONLY public.users
    ADD CONSTRAINT users_pkey PRIMARY KEY (id);


--
-- Name: cinemas cinemas_city_id_fkey; Type: FK CONSTRAINT; Schema: public; Owner: superuser
--

ALTER TABLE ONLY public.cinemas
    ADD CONSTRAINT cinemas_city_id_fkey FOREIGN KEY (city_id) REFERENCES public.cities(id) ON DELETE CASCADE;


--
-- Name: movie_casts movie_casts_actor_id_fkey; Type: FK CONSTRAINT; Schema: public; Owner: superuser
--

ALTER TABLE ONLY public.movie_casts
    ADD CONSTRAINT movie_casts_actor_id_fkey FOREIGN KEY (actor_id) REFERENCES public.actors(id) ON DELETE CASCADE;


--
-- Name: movie_casts movie_casts_movie_id_fkey; Type: FK CONSTRAINT; Schema: public; Owner: superuser
--

ALTER TABLE ONLY public.movie_casts
    ADD CONSTRAINT movie_casts_movie_id_fkey FOREIGN KEY (movie_id) REFERENCES public.movies(id) ON DELETE CASCADE;


--
-- Name: movie_genres movie_genres_genre_id_fkey; Type: FK CONSTRAINT; Schema: public; Owner: superuser
--

ALTER TABLE ONLY public.movie_genres
    ADD CONSTRAINT movie_genres_genre_id_fkey FOREIGN KEY (genre_id) REFERENCES public.genres(id) ON DELETE CASCADE;


--
-- Name: movie_genres movie_genres_movie_id_fkey; Type: FK CONSTRAINT; Schema: public; Owner: superuser
--

ALTER TABLE ONLY public.movie_genres
    ADD CONSTRAINT movie_genres_movie_id_fkey FOREIGN KEY (movie_id) REFERENCES public.movies(id) ON DELETE CASCADE;


--
-- Name: movies movies_director_id_fkey; Type: FK CONSTRAINT; Schema: public; Owner: superuser
--

ALTER TABLE ONLY public.movies
    ADD CONSTRAINT movies_director_id_fkey FOREIGN KEY (director_id) REFERENCES public.directors(id) ON DELETE SET NULL;


--
-- Name: order_details order_details_order_id_fkey; Type: FK CONSTRAINT; Schema: public; Owner: superuser
--

ALTER TABLE ONLY public.order_details
    ADD CONSTRAINT order_details_order_id_fkey FOREIGN KEY (order_id) REFERENCES public.orders(id) ON DELETE CASCADE;


--
-- Name: order_details order_details_seat_id_fkey; Type: FK CONSTRAINT; Schema: public; Owner: superuser
--

ALTER TABLE ONLY public.order_details
    ADD CONSTRAINT order_details_seat_id_fkey FOREIGN KEY (seat_id) REFERENCES public.seats(id) ON DELETE CASCADE;


--
-- Name: order_payments order_payments_order_id_fkey; Type: FK CONSTRAINT; Schema: public; Owner: superuser
--

ALTER TABLE ONLY public.order_payments
    ADD CONSTRAINT order_payments_order_id_fkey FOREIGN KEY (order_id) REFERENCES public.orders(id) ON DELETE CASCADE;


--
-- Name: order_payments order_payments_payment_method_id_fkey; Type: FK CONSTRAINT; Schema: public; Owner: superuser
--

ALTER TABLE ONLY public.order_payments
    ADD CONSTRAINT order_payments_payment_method_id_fkey FOREIGN KEY (payment_method_id) REFERENCES public.payment_methods(id) ON DELETE SET NULL;


--
-- Name: orders orders_schedule_id_fkey; Type: FK CONSTRAINT; Schema: public; Owner: superuser
--

ALTER TABLE ONLY public.orders
    ADD CONSTRAINT orders_schedule_id_fkey FOREIGN KEY (schedule_id) REFERENCES public.schedules(id) ON DELETE CASCADE;


--
-- Name: orders orders_user_id_fkey; Type: FK CONSTRAINT; Schema: public; Owner: superuser
--

ALTER TABLE ONLY public.orders
    ADD CONSTRAINT orders_user_id_fkey FOREIGN KEY (user_id) REFERENCES public.users(id) ON DELETE CASCADE;


--
-- Name: point_transactions point_transactions_user_id_fkey; Type: FK CONSTRAINT; Schema: public; Owner: superuser
--

ALTER TABLE ONLY public.point_transactions
    ADD CONSTRAINT point_transactions_user_id_fkey FOREIGN KEY (user_id) REFERENCES public.users(id) ON DELETE CASCADE;


--
-- Name: schedules schedules_cinema_id_fkey; Type: FK CONSTRAINT; Schema: public; Owner: superuser
--

ALTER TABLE ONLY public.schedules
    ADD CONSTRAINT schedules_cinema_id_fkey FOREIGN KEY (cinema_id) REFERENCES public.cinemas(id) ON DELETE CASCADE;


--
-- Name: schedules schedules_movie_id_fkey; Type: FK CONSTRAINT; Schema: public; Owner: superuser
--

ALTER TABLE ONLY public.schedules
    ADD CONSTRAINT schedules_movie_id_fkey FOREIGN KEY (movie_id) REFERENCES public.movies(id) ON DELETE CASCADE;


--
-- Name: seats seats_cinema_id_fkey; Type: FK CONSTRAINT; Schema: public; Owner: superuser
--

ALTER TABLE ONLY public.seats
    ADD CONSTRAINT seats_cinema_id_fkey FOREIGN KEY (cinema_id) REFERENCES public.cinemas(id) ON DELETE CASCADE;


--
-- PostgreSQL database dump complete
--


